Date,Price,Open,High,Low,Vol.,Change %
2019-01-02,23.57,23.31,23.82,23.1,91.86K,0.43%
2019-01-03,23.58,23.63,23.72,23.37,15.29K,0.04%
2019-01-04,24.59,23.95,24.7,23.95,32.63K,4.28%
2019-01-07,25.24,24.79,25.33,24.79,48.20K,2.64%
2019-01-08,25.34,25.36,25.58,24.96,66.18K,0.40%
2019-01-09,26.04,25.63,26.37,25.56,110.54K,2.76%
2019-01-10,26.14,25.91,26.26,25.91,15.34K,0.38%
2019-01-11,26.25,26.01,26.32,25.89,26.59K,0.42%
2019-01-14,26.18,26.0,26.34,25.8,35.40K,-0.27%
2019-01-15,26.31,26.34,26.34,26.11,11.80K,0.50%
2019-01-16,26.22,26.3,26.5,26.1,27.54K,-0.34%
2019-01-17,26.25,26.08,26.28,26.0,13.73K,0.11%
2019-01-18,26.69,26.38,26.81,26.38,22.24K,1.68%
2019-01-22,25.86,26.26,26.26,25.75,36.35K,-3.11%
2019-01-23,26.15,26.03,26.28,25.92,75.00K,1.12%
2019-01-24,26.42,26.18,26.54,26.18,41.52K,1.03%
2019-01-25,26.9,26.85,27.05,26.7,171.81K,1.82%
2019-01-28,27.09,26.67,27.17,26.55,32.28K,0.71%
2019-01-29,27.21,27.17,27.25,27.02,39.94K,0.44%
2019-01-30,27.62,27.24,27.78,27.16,163.58K,1.51%
2019-01-31,27.95,27.66,28.03,27.58,47.28K,1.19%
2019-02-01,27.98,27.95,27.99,27.69,34.68K,0.11%
2019-02-04,28.31,27.94,28.31,27.68,94.07K,1.18%
2019-02-05,28.33,28.49,28.5,28.19,88.58K,0.07%
2019-02-06,27.73,28.1,28.17,27.67,49.26K,-2.12%
2019-02-07,27.3,27.58,27.58,26.95,36.00K,-1.55%
2019-02-08,27.33,27.24,27.33,26.89,48.58K,0.11%
2019-02-11,27.46,27.29,27.58,27.19,24.60K,0.48%
2019-02-12,27.98,27.86,28.06,27.78,89.21K,1.89%
2019-02-13,27.61,27.95,28.11,27.57,54.39K,-1.32%
2019-02-14,27.77,27.57,27.94,27.46,53.99K,0.58%
2019-02-15,27.74,27.91,28.06,27.71,12.96K,-0.11%
2019-02-19,27.36,27.62,27.62,27.27,110.08K,-1.37%
2019-02-20,27.28,27.46,27.61,27.1,265.71K,-0.29%
2019-02-21,27.11,27.13,27.14,26.97,36.46K,-0.62%
2019-02-22,27.71,27.38,27.71,27.33,17.73K,2.21%
2019-02-25,27.6,27.82,28.01,27.54,55.77K,-0.40%
2019-02-26,27.3,27.47,27.59,27.17,49.37K,-1.09%
2019-02-27,28.33,27.79,28.6,27.79,201.51K,3.77%
2019-02-28,28.18,28.36,28.36,28.01,20.36K,-0.53%
2019-03-01,27.68,28.45,28.57,27.57,146.36K,-1.77%
2019-03-04,27.66,27.73,27.88,27.38,143.60K,-0.07%
2019-03-05,27.75,27.75,27.86,27.73,7.42K,0.33%
2019-03-06,27.18,27.7,27.7,27.04,45.10K,-2.05%
2019-03-07,26.76,27.01,27.15,26.6,40.57K,-1.55%
2019-03-08,26.87,26.39,26.99,26.38,193.83K,0.41%
2019-03-11,27.96,27.18,27.96,27.18,28.51K,4.06%
2019-03-12,27.97,28.03,28.21,27.81,63.46K,0.04%
2019-03-13,28.5,28.01,28.71,28.01,71.86K,1.89%
2019-03-14,28.17,28.48,28.5,28.09,137.47K,-1.16%
2019-03-15,28.48,28.2,28.5,28.14,21.82K,1.10%
2019-03-18,28.92,28.62,28.96,28.59,87.52K,1.54%
2019-03-19,28.66,29.05,29.25,28.63,29.72K,-0.90%
2019-03-20,28.86,28.61,29.06,28.46,46.15K,0.70%
2019-03-21,28.81,28.73,28.96,28.66,20.41K,-0.17%
2019-03-22,28.1,28.56,28.58,27.86,44.57K,-2.46%
2019-03-25,28.05,27.84,28.28,27.82,150.29K,-0.18%
2019-03-26,27.7,28.22,28.22,27.55,32.60K,-1.25%
2019-03-27,26.92,27.48,27.48,26.66,83.49K,-2.82%
2019-03-28,27.23,26.86,27.3,26.86,20.47K,1.15%
2019-03-29,27.61,27.49,27.8,27.42,81.11K,1.40%
2019-04-01,27.98,28.0,28.28,27.9,33.36K,1.34%
2019-04-02,27.5,27.87,27.87,27.42,7.66K,-1.72%
2019-04-03,27.43,27.74,27.88,27.39,15.00K,-0.25%
2019-04-04,27.27,27.36,27.36,27.0,73.72K,-0.58%
2019-04-05,27.54,27.56,27.59,27.43,20.53K,0.99%
2019-04-08,27.81,27.43,27.82,27.43,14.38K,0.98%
2019-04-09,27.47,27.8,27.87,27.41,46.42K,-1.22%
2019-04-10,27.76,27.47,27.89,27.47,25.18K,1.06%
2019-04-11,27.4,27.5,27.63,27.21,35.89K,-1.30%
2019-04-12,27.63,27.56,27.71,27.45,11.98K,0.84%
2019-04-15,27.98,27.59,28.11,27.59,44.56K,1.27%
2019-04-16,27.84,28.23,28.35,27.84,53.35K,-0.50%
2019-04-17,27.77,28.06,28.08,27.77,26.68K,-0.25%
2019-04-18,27.21,27.72,27.85,27.1,72.04K,-2.02%
2019-04-22,27.22,27.11,27.41,27.11,83.85K,0.04%
2019-04-23,27.59,27.01,27.65,27.01,28.16K,1.36%
2019-04-24,26.39,27.5,27.5,26.37,343.28K,-4.35%
2019-04-25,26.05,26.17,26.2,25.16,606.43K,-1.29%
2019-04-26,26.01,26.35,26.35,25.98,245.72K,-0.15%
2019-04-29,26.07,25.95,26.1,25.78,11.66K,0.23%
2019-04-30,26.05,25.94,26.19,25.75,156.74K,-0.08%
2019-05-01,25.99,26.05,26.29,25.94,62.94K,-0.23%
2019-05-02,26.04,25.99,26.09,25.8,182.51K,0.19%
2019-05-03,28.27,27.03,28.33,27.0,289.05K,8.56%
2019-05-06,28.02,27.57,28.26,27.47,33.78K,-0.88%
2019-05-07,27.21,27.81,27.81,27.12,16.69K,-2.89%
2019-05-08,27.59,27.39,27.85,27.34,59.76K,1.40%
2019-05-09,27.79,27.19,27.92,27.16,37.21K,0.72%
2019-05-10,27.8,27.79,27.9,27.57,29.03K,0.04%
2019-05-13,27.08,27.23,27.25,26.97,14.58K,-2.59%
2019-05-14,27.45,27.26,27.63,27.16,25.23K,1.37%
2019-05-15,27.9,27.25,28.09,27.12,102.56K,1.64%
2019-05-16,28.6,28.2,28.76,28.2,92.35K,2.51%
2019-05-17,27.98,28.21,28.48,27.87,108.67K,-2.17%
2019-05-20,27.91,27.9,28.02,27.46,165.15K,-0.25%
2019-05-21,28.45,28.11,28.52,28.11,101.45K,1.93%
2019-05-22,28.39,28.38,28.74,28.22,118.65K,-0.21%
2019-05-23,28.17,28.03,28.25,27.89,18.86K,-0.77%
2019-05-24,28.72,28.43,28.8,28.29,125.12K,1.95%
2019-05-28,28.62,28.88,29.27,28.57,229.91K,-0.35%
2019-05-29,28.02,28.54,28.54,27.94,66.69K,-2.10%
2019-05-30,28.28,28.1,28.55,28.09,43.06K,0.93%
2019-05-31,28.14,28.11,28.19,27.83,14.96K,-0.50%
2019-06-03,28.15,28.28,28.44,27.99,64.03K,0.04%
2019-06-04,28.52,28.14,28.52,28.1,22.60K,1.31%
2019-06-05,28.61,28.71,28.72,28.4,73.15K,0.32%
2019-06-06,28.84,28.69,28.89,28.68,24.87K,0.80%
2019-06-07,29.2,28.94,29.44,28.94,34.67K,1.25%
2019-06-10,29.62,29.52,29.86,29.4,101.01K,1.44%
2019-06-11,30.57,29.86,30.66,29.86,62.98K,3.21%
2019-06-12,31.9,30.59,31.9,30.57,125.83K,4.35%
2019-06-13,32.0,31.93,32.03,31.29,304.34K,0.31%
2019-06-14,31.29,31.81,32.0,31.14,149.48K,-2.22%
2019-06-17,31.44,31.43,31.67,31.31,52.20K,0.48%
2019-06-18,31.79,31.78,32.06,31.75,67.67K,1.11%
2019-06-19,31.83,31.8,31.88,31.56,20.07K,0.13%
2019-06-20,32.18,32.35,32.4,31.84,61.97K,1.10%
2019-06-21,32.3,32.17,32.31,32.05,22.58K,0.37%
2019-06-24,32.09,32.21,32.4,31.97,81.63K,-0.65%
2019-06-25,32.03,32.09,32.23,31.95,24.41K,-0.19%
2019-06-26,31.75,32.23,32.26,31.73,42.52K,-0.87%
2019-06-27,31.76,31.61,31.98,31.47,44.41K,0.03%
2019-06-28,32.19,31.89,32.25,31.84,90.19K,1.35%
2019-07-01,32.38,32.71,32.93,32.33,77.31K,0.59%
2019-07-02,32.71,32.42,32.71,32.15,67.26K,1.02%
2019-07-03,32.84,32.57,32.84,32.57,115.12K,0.40%
2019-07-05,32.91,32.62,32.93,32.47,21.31K,0.21%
2019-07-08,32.91,32.82,33.0,32.66,48.45K,0.00%
2019-07-09,33.31,32.7,33.32,32.58,49.13K,1.22%
2019-07-10,33.72,33.62,33.85,33.15,287.53K,1.23%
2019-07-11,33.72,33.64,33.86,33.54,348.28K,0.00%
2019-07-12,33.89,33.68,33.95,33.67,19.36K,0.50%
2019-07-15,33.16,33.89,33.89,33.01,143.40K,-2.15%
2019-07-16,32.99,33.16,33.37,32.94,90.75K,-0.51%
2019-07-17,32.98,32.91,33.23,32.85,67.86K,-0.03%
2019-07-18,32.96,32.99,32.99,32.48,79.04K,-0.06%
2019-07-19,32.32,32.89,33.0,32.31,70.27K,-1.94%
2019-07-22,32.04,32.43,32.53,32.02,66.22K,-0.87%
2019-07-23,32.12,32.08,32.15,31.71,103.20K,0.25%
2019-07-24,32.51,32.01,32.59,31.95,29.23K,1.21%
2019-07-25,32.21,32.51,32.53,32.12,74.43K,-0.92%
2019-07-26,33.1,32.33,33.14,32.25,134.77K,2.76%
2019-07-29,33.23,33.07,33.31,32.79,193.82K,0.39%
2019-07-30,32.87,33.11,33.11,32.81,190.40K,-1.08%
2019-07-31,32.35,32.79,32.82,32.04,208.35K,-1.58%
2019-08-01,32.05,32.17,32.77,31.86,16.08K,-0.93%
2019-08-02,31.77,31.99,31.99,31.3,109.51K,-0.87%
2019-08-05,30.62,30.99,30.99,30.43,87.62K,-3.62%
2019-08-06,31.05,30.97,31.15,30.7,14.13K,1.40%
2019-08-07,31.05,30.52,31.12,30.5,74.87K,0.00%
2019-08-08,32.15,31.5,32.16,31.5,13.84K,3.54%
2019-08-09,33.36,32.05,33.48,32.05,309.89K,3.76%
2019-08-12,25.21,26.61,26.8,23.71,1.51M,-24.43%
2019-08-13,25.36,25.86,25.93,25.35,449.00K,0.60%
2019-08-14,24.3,25.21,25.21,24.3,288.76K,-4.18%
2019-08-15,24.93,24.86,25.05,24.44,353.12K,2.59%
2019-08-16,25.1,25.23,25.38,25.03,126.97K,0.68%
2019-08-19,23.85,25.39,25.39,23.85,154.54K,-4.98%
2019-08-20,24.01,23.87,24.24,23.86,59.90K,0.67%
2019-08-21,24.51,24.32,24.54,24.31,43.92K,2.08%
2019-08-22,24.54,24.47,24.7,24.35,152.34K,0.12%
2019-08-23,23.89,24.5,24.52,23.87,71.29K,-2.65%
2019-08-26,23.69,24.02,24.1,23.69,42.96K,-0.84%
2019-08-27,23.21,23.78,24.0,23.09,153.04K,-2.03%
2019-08-28,23.0,23.05,23.28,23.0,129.44K,-0.90%
2019-08-29,22.79,22.99,23.15,22.59,276.68K,-0.91%
2019-08-30,22.42,23.02,23.02,22.39,147.86K,-1.62%
2019-09-03,21.88,22.6,22.6,21.78,102.57K,-2.41%
2019-09-04,22.55,22.26,22.88,22.07,246.29K,3.06%
2019-09-05,23.35,22.9,23.37,22.83,110.17K,3.55%
2019-09-06,23.06,23.49,23.75,23.06,138.85K,-1.24%
2019-09-09,22.74,23.38,23.48,22.73,67.92K,-1.39%
2019-09-10,22.77,22.72,22.87,22.55,56.03K,0.13%
2019-09-11,22.84,22.83,22.92,22.6,68.45K,0.31%
2019-09-12,22.85,22.97,23.11,22.79,55.10K,0.04%
2019-09-13,22.54,23.02,23.1,22.54,129.76K,-1.36%
2019-09-16,22.92,22.6,22.97,22.56,16.25K,1.69%
2019-09-17,22.87,22.81,22.98,22.7,27.70K,-0.22%
2019-09-18,22.75,22.78,22.83,22.57,43.73K,-0.52%
2019-09-19,23.05,22.75,23.11,22.68,64.01K,1.32%
2019-09-20,22.9,23.01,23.13,22.81,62.27K,-0.65%
2019-09-23,22.59,22.71,22.74,22.58,25.32K,-1.35%
2019-09-24,22.34,22.63,22.63,22.3,84.98K,-1.11%
2019-09-25,22.6,22.27,22.61,22.03,75.30K,1.16%
2019-09-26,22.54,22.6,22.63,22.44,71.39K,-0.27%
2019-09-27,22.83,22.67,23.04,22.63,34.75K,1.29%
2019-09-30,22.81,22.88,22.97,22.58,23.97K,-0.09%
2019-10-01,22.69,22.78,23.07,22.59,50.75K,-0.53%
2019-10-02,22.69,22.5,22.72,22.3,46.87K,0.00%
2019-10-03,22.87,22.72,22.87,22.43,12.31K,0.79%
2019-10-04,23.13,22.87,23.16,22.86,21.03K,1.14%
2019-10-07,23.07,23.04,23.38,23.02,22.32K,-0.26%
2019-10-08,22.34,23.08,23.08,22.33,40.42K,-3.16%
2019-10-09,22.44,22.5,22.6,22.31,18.31K,0.45%
2019-10-10,23.02,22.51,23.02,22.51,32.43K,2.58%
2019-10-11,23.17,23.27,23.34,23.11,19.93K,0.65%
2019-10-14,22.86,23.0,23.05,22.82,24.19K,-1.34%
2019-10-15,23.06,22.86,23.13,22.86,13.39K,0.87%
2019-10-16,22.69,22.96,22.98,22.61,22.25K,-1.60%
2019-10-17,22.74,22.92,23.0,22.67,20.77K,0.22%
2019-10-18,22.46,22.7,22.92,22.4,19.53K,-1.23%
2019-10-21,22.62,22.65,22.71,22.45,46.26K,0.71%
2019-10-22,22.31,22.56,22.71,22.25,43.94K,-1.37%
2019-10-23,22.3,22.17,22.41,22.17,20.80K,-0.04%
2019-10-24,22.44,22.42,22.53,22.36,99.62K,0.63%
2019-10-25,22.5,22.39,22.68,22.39,120.01K,0.27%
2019-10-28,22.0,22.59,22.75,21.96,137.63K,-2.22%
2019-10-29,22.16,21.95,22.24,21.7,58.44K,0.73%
2019-10-30,22.1,22.15,22.15,21.85,30.53K,-0.27%
2019-10-31,21.88,21.95,22.09,21.71,40.48K,-1.00%
2019-11-01,21.91,22.1,22.1,21.76,359.05K,0.14%
2019-11-04,22.14,21.99,22.2,21.99,39.71K,1.05%
2019-11-05,22.21,22.3,22.32,22.15,27.36K,0.32%
2019-11-06,21.86,22.23,22.24,21.82,20.48K,-1.58%
2019-11-07,22.11,21.87,22.3,21.87,34.85K,1.14%
2019-11-08,21.82,21.99,21.99,21.81,31.24K,-1.31%
2019-11-11,21.9,21.72,21.93,21.72,6.57K,0.37%
2019-11-12,21.86,21.85,21.86,21.73,21.02K,-0.18%
2019-11-13,21.8,21.71,21.86,21.71,16.61K,-0.27%
2019-11-14,21.99,21.8,22.08,21.8,25.93K,0.87%
2019-11-15,22.25,22.15,22.3,22.02,32.73K,1.18%
2019-11-18,21.79,22.22,22.22,21.77,60.55K,-2.07%
2019-11-19,22.02,22.01,22.07,21.57,31.50K,1.06%
2019-11-20,22.59,21.96,22.62,21.96,35.43K,2.59%
2019-11-21,22.64,22.57,22.71,22.46,48.71K,0.22%
2019-11-22,22.78,22.69,22.95,22.67,56.46K,0.62%
2019-11-25,23.33,22.99,23.33,22.82,54.00K,2.41%
2019-11-26,23.23,23.23,23.3,22.95,105.26K,-0.43%
2019-11-27,23.88,23.13,23.88,23.13,105.72K,2.80%
2019-11-29,23.66,23.88,23.9,23.53,25.75K,-0.92%
2019-12-02,23.2,23.65,23.71,23.2,72.93K,-1.94%
2019-12-03,22.9,23.01,23.07,22.75,76.98K,-1.29%
2019-12-04,23.41,22.99,23.54,22.99,59.84K,2.23%
2019-12-05,23.52,23.37,23.6,23.37,29.68K,0.47%
2019-12-06,24.06,23.77,24.16,23.73,51.01K,2.30%
2019-12-09,24.42,24.08,24.48,24.08,121.36K,1.50%
2019-12-10,23.91,24.38,24.41,23.89,61.78K,-2.09%
2019-12-11,24.06,23.98,24.24,23.84,38.96K,0.63%
2019-12-12,24.56,24.2,24.61,24.12,42.86K,2.08%
2019-12-13,24.98,24.62,25.26,24.62,148.39K,1.71%
2019-12-16,25.12,25.11,25.19,25.01,51.05K,0.56%
2019-12-17,25.07,25.11,25.11,24.73,139.84K,-0.20%
2019-12-18,25.47,24.99,25.66,24.99,78.21K,1.60%
2019-12-19,25.59,25.26,25.89,25.26,131.42K,0.47%
2019-12-20,26.04,25.67,26.06,25.51,50.20K,1.76%
2019-12-23,26.82,26.07,26.82,26.07,62.51K,3.00%
2019-12-24,27.11,26.9,27.63,26.9,36.67K,1.08%
2019-12-26,27.66,27.13,27.92,27.13,47.60K,2.03%
2019-12-27,27.24,27.88,27.88,27.14,57.76K,-1.52%
2019-12-30,26.76,27.22,27.39,26.59,64.72K,-1.76%
2019-12-31,26.59,26.79,26.83,26.45,48.26K,-0.64%
2020-01-02,26.72,26.59,27.12,26.59,114.46K,0.49%
2020-01-03,26.37,26.28,26.48,26.02,42.98K,-1.31%
2020-01-06,26.34,26.1,26.46,26.04,53.45K,-0.11%
2020-01-07,26.54,26.45,26.54,26.21,25.88K,0.76%
2020-01-08,26.6,26.43,26.74,26.38,51.64K,0.23%
2020-01-09,26.99,26.75,27.08,26.75,50.97K,1.47%
2020-01-10,27.06,27.05,27.25,26.9,52.76K,0.26%
2020-01-13,26.96,27.13,27.31,26.9,32.27K,-0.37%
2020-01-14,26.4,26.86,26.86,26.37,34.75K,-2.08%
2020-01-15,26.17,26.38,26.46,26.11,27.31K,-0.87%
2020-01-16,26.45,26.26,26.58,26.26,30.05K,1.07%
2020-01-17,26.78,26.43,26.83,26.43,102.91K,1.25%
2020-01-21,26.04,26.7,26.7,26.04,49.49K,-2.76%
2020-01-22,26.28,26.22,26.4,26.13,167.74K,0.92%
2020-01-23,25.96,26.03,26.25,25.91,37.02K,-1.22%
2020-01-24,25.6,25.96,26.07,25.5,59.34K,-1.39%
2020-01-27,25.12,25.02,25.34,24.8,111.72K,-1.87%
2020-01-28,26.03,25.3,26.15,25.3,35.32K,3.62%
2020-01-29,25.85,26.14,26.32,25.85,7.72K,-0.69%
2020-01-30,25.97,25.47,25.97,25.47,17.45K,0.46%
2020-01-31,25.53,25.82,25.82,25.36,41.02K,-1.69%
2020-02-03,26.18,25.56,26.33,25.56,45.79K,2.55%
2020-02-04,26.16,26.4,26.69,26.13,37.91K,-0.08%
2020-02-05,25.9,26.56,26.63,25.86,15.77K,-0.99%
2020-02-06,25.98,26.28,26.3,25.98,5.35K,0.31%
2020-02-07,25.68,25.77,26.12,25.68,25.25K,-1.15%
2020-02-10,25.77,25.66,25.87,25.62,15.84K,0.35%
2020-02-11,25.47,25.8,25.8,25.32,23.44K,-1.16%
2020-02-12,26.03,25.84,26.03,25.7,29.38K,2.20%
2020-02-13,25.8,25.92,25.92,25.55,11.87K,-0.88%
2020-02-14,26.06,25.86,26.06,25.83,5.44K,1.01%
2020-02-17,26.06,26.06,26.06,26.06,,0.00%
2020-02-18,25.93,25.87,26.05,25.87,11.13K,-0.50%
2020-02-19,26.35,26.19,26.47,26.09,40.20K,1.62%
2020-02-20,26.37,26.23,26.69,26.23,31.69K,0.08%
2020-02-21,26.57,26.3,26.64,26.24,18.75K,0.76%
2020-02-24,25.16,25.57,25.8,25.16,27.76K,-5.31%
2020-02-25,24.03,25.29,25.45,24.01,44.81K,-4.49%
2020-02-26,23.95,24.36,24.5,23.93,27.93K,-0.33%
2020-02-27,23.16,23.72,23.83,22.98,22.79K,-3.30%
2020-02-28,22.93,22.41,22.93,22.28,56.10K,-0.99%
2020-03-02,23.82,23.05,23.83,22.94,25.86K,3.88%
2020-03-03,23.68,23.99,24.33,23.5,23.50K,-0.59%
2020-03-04,24.16,24.0,24.33,23.86,15.62K,2.03%
2020-03-05,23.73,23.9,24.04,23.62,25.73K,-1.78%
2020-03-06,22.95,23.2,23.2,22.52,16.18K,-3.29%
2020-03-09,19.8,21.67,21.67,19.8,63.07K,-13.73%
2020-03-10,21.23,20.79,21.28,20.29,14.85K,7.22%
2020-03-11,19.68,20.7,20.72,19.6,27.81K,-7.30%
2020-03-12,17.66,18.51,18.51,17.57,57.77K,-10.26%
2020-03-13,18.33,18.87,18.87,17.66,27.74K,3.79%
2020-03-14,18.33,18.33,18.33,18.33,,0.00%
2020-03-16,16.45,16.69,17.01,16.22,85.85K,-10.26%
2020-03-17,16.76,16.75,17.14,16.27,17.33K,1.88%
2020-03-18,14.79,15.7,16.06,14.4,74.61K,-11.75%
2020-03-19,14.97,14.75,15.33,14.42,53.72K,1.22%
2020-03-20,14.67,15.36,16.39,14.61,191.87K,-2.00%
2020-03-21,14.67,14.67,14.67,14.67,,0.00%
2020-03-23,14.36,14.62,15.18,14.12,73.45K,-2.11%
2020-03-24,15.93,15.05,16.09,15.05,49.18K,10.93%
2020-03-25,16.57,16.11,16.96,15.97,34.32K,4.02%
2020-03-26,16.66,16.63,17.31,16.51,34.70K,0.54%
2020-03-27,15.79,15.96,16.25,15.43,14.71K,-5.22%
2020-03-28,15.79,15.79,15.79,15.79,,0.00%
2020-03-30,15.94,15.88,16.12,15.6,19.03K,0.95%
2020-03-31,16.44,15.96,16.79,15.96,13.13K,3.14%
2020-04-01,15.7,15.72,15.93,15.31,28.87K,-4.50%
2020-04-02,15.94,15.74,16.12,15.62,16.45K,1.53%
2020-04-03,15.78,15.37,15.89,15.34,13.54K,-1.00%
2020-04-06,16.65,16.33,16.78,16.33,15.54K,5.51%
2020-04-07,17.18,17.19,17.71,16.81,23.28K,3.18%
2020-04-08,17.48,17.16,17.5,17.15,36.35K,1.75%
2020-04-09,17.59,17.79,18.01,17.28,19.34K,0.63%
2020-04-13,17.27,17.34,17.42,16.74,15.06K,-1.82%
2020-04-14,17.59,17.52,17.68,17.36,96.43K,1.85%
2020-04-15,17.82,17.18,17.82,16.79,12.55K,1.31%
2020-04-16,17.99,17.95,17.99,17.59,10.93K,0.95%
2020-04-17,17.88,18.46,18.46,17.88,34.01K,-0.61%
2020-04-20,17.86,17.5,18.19,17.5,29.49K,-0.11%
2020-04-21,16.98,17.29,17.33,16.8,29.65K,-4.93%
2020-04-22,17.43,17.34,17.64,17.09,16.74K,2.65%
2020-04-23,17.23,17.42,17.55,17.05,37.02K,-1.15%
2020-04-24,16.89,17.25,17.27,16.75,17.29K,-1.97%
2020-04-27,17.2,16.94,17.2,16.92,21.80K,1.84%
2020-04-28,18.05,17.67,18.13,17.51,19.73K,4.94%
2020-04-29,18.76,18.21,18.87,18.21,21.05K,3.93%
2020-04-30,18.04,18.63,18.75,17.96,13.81K,-3.84%
2020-05-01,17.72,17.77,17.77,17.6,29.46K,-1.77%
2020-05-02,17.72,17.72,17.72,17.72,,0.00%
2020-05-03,17.72,17.72,17.72,17.72,,0.00%
2020-05-04,17.99,17.44,18.0,17.44,6.94K,1.52%
2020-05-05,18.02,18.04,18.5,17.89,6.73K,0.17%
2020-05-06,19.08,18.85,19.33,18.81,311.46K,5.88%
2020-05-07,19.75,19.15,19.93,19.15,137.00K,3.51%
2020-05-08,20.14,19.98,20.37,19.83,196.55K,1.97%
2020-05-09,20.14,20.14,20.14,20.14,,0.00%
2020-05-10,20.14,20.14,20.14,20.14,,0.00%
2020-05-11,20.49,20.08,20.55,19.94,172.36K,1.74%
2020-05-12,20.3,20.56,21.05,20.26,36.54K,-0.93%
2020-05-13,19.57,20.42,20.42,19.34,482.63K,-3.60%
2020-05-14,19.98,19.22,20.0,19.02,53.70K,2.10%
2020-05-15,20.41,19.61,20.64,19.61,43.32K,2.15%
2020-05-18,21.35,20.9,21.59,20.9,38.95K,4.61%
2020-05-19,21.32,21.22,21.77,21.22,22.42K,-0.14%
2020-05-20,21.64,21.51,21.98,21.41,17.78K,1.50%
2020-05-21,21.83,21.63,21.9,21.48,14.35K,0.88%
2020-05-22,22.24,21.8,22.28,21.8,23.15K,1.88%
2020-05-26,22.33,22.75,22.93,22.33,16.10K,0.40%
2020-05-27,22.35,22.45,22.45,21.61,27.64K,0.09%
2020-05-28,22.0,22.34,22.34,21.87,12.14K,-1.57%
2020-05-29,21.82,21.96,21.96,21.6,14.71K,-0.82%
2020-06-01,22.33,21.9,22.48,21.83,23.81K,2.34%
2020-06-02,23.23,22.56,23.28,22.56,30.79K,4.03%
2020-06-03,23.97,23.41,23.99,23.41,43.04K,3.19%
2020-06-04,23.67,23.64,23.95,23.46,13.11K,-1.25%
2020-06-05,24.17,24.01,24.37,23.72,30.22K,2.11%
2020-06-07,24.17,24.17,24.17,24.17,,0.00%
2020-06-08,25.38,24.5,25.49,24.5,47.95K,5.01%
2020-06-09,24.7,25.0,25.0,24.33,33.29K,-2.68%
2020-06-10,24.8,24.86,25.07,24.1,67.38K,0.40%
2020-06-11,23.15,24.0,24.04,23.06,25.60K,-6.65%
2020-06-12,24.18,23.57,24.18,23.48,20.92K,4.45%
2020-06-15,24.07,23.55,24.17,23.53,11.16K,-0.45%
2020-06-16,24.31,24.67,24.83,24.25,44.50K,1.00%
2020-06-17,24.03,24.45,24.45,23.87,10.49K,-1.15%
2020-06-18,23.25,23.81,23.81,23.18,9.04K,-3.25%
2020-06-19,23.89,23.53,24.06,23.53,7.69K,2.75%
2020-06-22,23.79,23.88,23.88,23.61,11.85K,-0.42%
2020-06-23,24.11,23.75,24.49,23.66,14.84K,1.35%
2020-06-24,23.66,23.69,24.04,23.51,14.26K,-1.87%
2020-06-25,24.29,23.88,24.3,23.88,8.58K,2.66%
2020-06-26,23.88,24.06,24.12,23.75,8.22K,-1.69%
2020-06-29,24.12,23.89,24.25,23.51,11.66K,1.01%
2020-06-30,23.93,24.12,24.12,23.7,8.21K,-0.79%
2020-07-01,24.02,23.89,24.11,23.88,7.22K,0.38%
2020-07-02,24.14,24.51,24.56,24.14,18.91K,0.50%
2020-07-04,24.14,24.14,24.14,24.14,,0.00%
2020-07-05,24.14,24.14,24.14,24.14,,0.00%
2020-07-06,25.81,24.88,25.94,24.88,51.19K,6.92%
2020-07-07,25.5,25.77,25.77,25.26,9.15K,-1.20%
2020-07-08,25.66,25.68,25.69,25.45,11.74K,0.63%
2020-07-09,25.39,25.5,25.62,25.1,5.65K,-1.05%
2020-07-10,25.77,25.19,25.77,25.18,12.76K,1.50%
2020-07-11,25.77,25.77,25.77,25.77,,0.00%
2020-07-12,25.77,25.77,25.77,25.77,,0.00%
2020-07-13,25.34,25.99,26.42,25.33,37.59K,-1.67%
2020-07-14,25.3,24.93,25.37,24.73,39.70K,-0.16%
2020-07-15,25.68,25.43,25.73,25.4,13.07K,1.50%
2020-07-16,25.27,25.16,25.35,25.16,6.38K,-1.60%
2020-07-17,25.28,25.38,25.38,25.18,5.34K,0.04%
2020-07-20,25.63,25.24,25.66,25.2,29.99K,1.38%
2020-07-21,26.04,25.84,26.21,25.84,13.99K,1.60%
2020-07-22,26.69,26.13,26.77,26.1,10.90K,2.50%
2020-07-23,26.48,26.68,27.18,26.42,23.31K,-0.79%
2020-07-24,26.4,26.65,26.65,26.01,14.17K,-0.30%
2020-07-25,26.4,26.4,26.4,26.4,,0.00%
2020-07-26,26.4,26.4,26.4,26.4,,0.00%
2020-07-27,27.28,26.52,27.3,26.52,29.23K,3.33%
2020-07-28,26.59,27.16,27.16,26.59,15.34K,-2.53%
2020-07-29,27.12,26.9,27.22,26.71,10.47K,1.99%
2020-07-30,26.74,26.58,26.97,26.32,19.34K,-1.40%
2020-07-31,26.6,26.99,26.99,26.36,19.31K,-0.52%
2020-08-02,26.6,26.6,26.6,26.6,,0.00%
2020-08-03,27.99,26.58,28.2,26.58,43.54K,5.23%
2020-08-04,27.89,28.5,28.8,27.66,53.62K,-0.36%
2020-08-05,28.13,28.32,28.6,27.93,16.67K,0.86%
2020-08-06,27.96,27.91,28.06,27.65,11.05K,-0.60%
2020-08-07,27.55,27.62,27.97,27.31,22.00K,-1.47%
2020-08-08,27.55,27.55,27.55,27.55,,0.00%
2020-08-09,27.55,27.55,27.55,27.55,,0.00%
2020-08-10,26.8,28.01,28.01,26.78,54.44K,-2.72%
2020-08-11,26.32,26.92,26.92,26.27,17.47K,-1.79%
2020-08-12,25.94,26.39,26.39,25.85,8.19K,-1.44%
2020-08-13,26.56,26.25,26.63,26.25,4.98K,2.39%
2020-08-14,26.45,26.4,26.47,26.3,4.43K,-0.41%
2020-08-17,26.16,26.5,26.59,26.1,5.08K,-1.10%
2020-08-18,26.17,26.2,26.41,26.11,11.38K,0.04%
2020-08-19,26.1,26.09,26.45,26.09,2.71K,-0.27%
2020-08-20,26.05,25.66,26.05,25.64,17.38K,-0.19%
2020-08-21,25.74,25.83,26.14,25.74,6.41K,-1.19%
2020-08-23,25.74,25.74,25.74,25.74,,0.00%
2020-08-24,25.77,26.07,26.07,25.54,10.68K,0.12%
2020-08-25,26.02,25.76,26.04,25.7,6.62K,0.97%
2020-08-26,25.92,26.07,26.11,25.87,7.14K,-0.38%
2020-08-27,25.71,25.98,25.98,25.57,7.23K,-0.81%
2020-08-28,26.16,25.9,26.16,25.89,21.36K,1.75%
2020-08-30,26.16,26.16,26.16,26.16,,0.00%
2020-08-31,25.73,26.09,26.09,25.73,7.29K,-1.64%
2020-09-01,26.17,26.0,26.22,26.0,8.60K,1.71%
2020-09-02,26.21,26.01,26.28,25.76,20.96K,0.15%
2020-09-03,25.24,26.02,26.02,25.05,13.90K,-3.70%
2020-09-04,25.14,25.16,25.16,24.17,12.69K,-0.40%
2020-09-08,24.62,24.69,24.89,24.34,7.10K,-2.07%
2020-09-09,25.05,24.77,25.2,24.77,2.59K,1.75%
2020-09-10,24.83,25.12,25.36,24.79,4.65K,-0.88%
2020-09-11,24.56,25.06,25.06,24.42,5.13K,-1.09%
2020-09-13,24.56,24.56,24.56,24.56,,0.00%
2020-09-14,24.54,24.89,24.99,24.53,12.48K,-0.08%
2020-09-15,24.77,24.87,25.03,24.5,11.59K,0.94%
2020-09-16,24.22,24.65,24.65,24.07,14.16K,-2.22%
2020-09-17,23.78,23.58,23.86,23.57,32.65K,-1.82%
2020-09-18,23.8,23.71,24.01,23.5,12.71K,0.08%
2020-09-21,23.35,23.48,23.48,22.96,7.26K,-1.89%
2020-09-22,23.46,23.34,23.49,23.2,12.15K,0.47%
2020-09-23,22.39,23.32,23.32,22.36,21.90K,-4.56%
2020-09-24,23.04,22.45,23.2,22.44,8.82K,2.90%
2020-09-25,23.12,22.72,23.13,22.72,9.76K,0.35%
2020-09-26,23.12,23.12,23.12,23.12,,0.00%
2020-09-27,23.12,23.12,23.12,23.12,,0.00%
2020-09-28,23.4,23.67,23.67,23.28,9.01K,1.21%
2020-09-29,23.08,23.4,23.4,23.0,9.69K,-1.37%
2020-09-30,23.29,23.13,23.57,23.13,14.64K,0.91%
2020-10-01,23.75,23.42,23.76,23.42,14.77K,1.98%
2020-10-02,23.45,23.4,23.58,23.3,2.41K,-1.26%
2020-10-03,23.45,23.45,23.45,23.45,,0.00%
2020-10-04,23.45,23.45,23.45,23.45,,0.00%
2020-10-05,23.76,23.51,23.79,23.51,17.60K,1.32%
2020-10-06,23.51,23.72,24.07,23.48,9.93K,-1.05%
2020-10-07,24.05,23.68,24.06,23.46,4.00K,2.30%
2020-10-08,24.18,24.12,24.36,24.11,17.66K,0.54%
2020-10-09,24.63,24.5,24.63,24.41,24.55K,1.86%
2020-10-12,24.85,24.84,24.88,24.63,3.36K,0.89%
2020-10-13,25.03,24.72,25.17,24.53,42.41K,0.72%
2020-10-14,24.89,25.04,25.1,24.78,4.22K,-0.56%
2020-10-15,24.86,24.53,24.86,24.53,3.51K,-0.12%
2020-10-16,25.02,24.91,25.05,24.85,2.42K,0.64%
2020-10-19,25.19,25.22,25.44,25.03,31.33K,0.68%
2020-10-20,25.37,25.27,25.6,25.26,7.42K,0.71%
2020-10-21,24.89,25.41,25.49,24.88,9.13K,-1.89%
2020-10-22,24.86,24.88,24.92,24.54,13.50K,-0.12%
2020-10-23,25.27,24.98,25.32,24.89,13.63K,1.65%
2020-10-26,24.7,24.96,25.1,24.58,16.92K,-2.26%
2020-10-27,24.42,24.77,24.77,24.3,20.79K,-1.13%
2020-10-28,23.67,23.65,23.95,23.6,4.02K,-3.07%
2020-10-29,23.99,23.67,24.1,23.5,6.36K,1.35%
2020-10-30,23.53,23.56,23.56,23.33,5.50K,-1.92%
2020-11-02,23.94,23.81,23.99,23.81,2.96K,1.74%
2020-11-03,24.02,24.19,24.45,24.02,3.68K,0.33%
2020-11-04,24.85,24.5,25.11,24.5,11.17K,3.46%
2020-11-05,26.71,25.55,26.71,25.54,8.13K,7.48%
2020-11-06,27.04,26.62,27.04,26.33,7.16K,1.24%
2020-11-09,26.73,27.5,27.5,26.64,18.32K,-1.15%
2020-11-10,26.2,26.46,26.46,25.82,9.85K,-1.98%
2020-11-11,26.38,26.05,26.8,26.05,10.71K,0.69%
2020-11-12,25.92,26.3,26.62,25.85,13.32K,-1.74%
2020-11-13,26.39,26.5,26.61,26.22,46.25K,1.81%
2020-11-16,26.58,26.7,26.71,26.32,45.52K,0.72%
2020-11-17,26.76,26.6,26.89,26.6,10.94K,0.68%
2020-11-18,26.69,26.83,26.89,26.64,2.09K,-0.26%
2020-11-19,27.13,26.79,27.14,26.79,10.91K,1.65%
2020-11-20,27.44,27.31,27.49,27.29,5.78K,1.14%
2020-11-23,27.7,27.68,27.8,27.46,13.19K,0.95%
2020-11-24,27.88,27.8,27.96,27.73,7.66K,0.65%
2020-11-25,28.07,27.82,28.08,27.81,9.93K,0.68%
2020-11-27,28.66,28.1,28.67,28.1,10.77K,2.10%
2020-11-30,28.55,28.39,28.64,27.95,9.39K,-0.38%
2020-12-01,28.94,29.09,29.1,28.84,44.84K,1.37%
2020-12-02,29.04,28.93,29.04,28.74,3.24K,0.35%
2020-12-03,29.29,29.14,29.52,29.14,16.10K,0.86%
2020-12-04,29.42,29.44,29.5,29.15,23.56K,0.44%
2020-12-07,29.33,29.38,29.39,29.25,24.24K,-0.31%
2020-12-08,29.42,29.21,29.42,29.21,6.18K,0.31%
2020-12-09,28.71,29.45,29.45,28.62,29.63K,-2.41%
2020-12-10,29.56,28.71,29.6,28.66,37.40K,2.96%
2020-12-11,29.44,29.33,29.48,29.16,6.96K,-0.41%
2020-12-14,29.49,29.59,30.0,29.46,25.84K,0.17%
2020-12-15,30.07,29.62,30.07,29.62,5.34K,1.97%
2020-12-16,30.3,30.2,30.3,29.96,33.15K,0.76%
2020-12-17,30.69,30.3,30.78,30.3,18.35K,1.29%
2020-12-18,30.93,30.7,30.96,30.65,21.29K,0.78%
2020-12-21,30.3,30.24,30.6,30.02,10.28K,-2.04%
2020-12-22,30.45,30.5,30.62,30.34,23.24K,0.50%
2020-12-23,30.43,30.71,30.71,30.42,6.56K,-0.07%
2020-12-24,30.31,30.49,30.49,30.31,1.26K,-0.39%
2020-12-28,30.12,30.46,30.46,30.06,5.97K,-0.63%
2020-12-29,30.42,30.38,30.51,30.13,18.59K,1.00%
2020-12-30,30.71,30.54,30.86,30.53,4.38K,0.95%
2020-12-31,30.38,30.78,30.78,30.34,10.69K,-1.07%
2021-01-04,29.87,30.44,30.71,29.68,14.76K,-1.68%
2021-01-05,30.25,30.03,30.42,30.03,16.74K,1.27%
2021-01-06,29.54,30.17,30.17,29.49,19.05K,-2.35%
2021-01-07,30.19,29.66,30.21,29.66,23.62K,2.20%
2021-01-08,30.8,30.34,30.81,30.32,16.86K,2.02%
2021-01-11,30.56,30.43,30.96,30.4,21.51K,-0.78%
2021-01-12,30.72,30.59,30.94,30.59,4.70K,0.52%
2021-01-13,30.47,30.62,30.8,30.45,31.56K,-0.81%
2021-01-14,30.84,30.51,30.95,30.51,7.17K,1.21%
2021-01-15,30.48,30.52,30.77,30.43,5.61K,-1.17%
2021-01-19,30.93,30.78,31.0,30.78,14.81K,1.48%
2021-01-20,31.31,31.06,31.42,30.93,20.92K,1.23%
2021-01-21,30.63,31.56,31.56,30.61,41.60K,-2.17%
2021-01-22,30.62,30.41,30.68,30.32,27.84K,-0.03%
2021-01-25,30.11,30.59,30.84,29.63,22.36K,-1.67%
2021-01-26,29.63,30.09,30.27,29.61,22.33K,-1.59%
2021-01-27,28.75,29.21,29.48,28.75,25.42K,-2.97%
2021-01-28,29.7,29.14,29.72,29.13,12.23K,3.30%
2021-01-29,28.86,29.6,29.77,28.77,7.21K,-2.83%
2021-02-01,30.03,29.37,30.16,29.21,21.33K,4.05%
2021-02-02,30.47,30.34,30.48,30.09,20.96K,1.47%
2021-02-03,30.51,30.6,30.68,30.35,13.61K,0.13%
2021-02-04,30.65,30.37,30.69,30.37,21.41K,0.46%
2021-02-05,31.1,30.82,31.16,30.82,18.62K,1.47%
2021-02-08,31.37,31.1,31.45,31.1,28.47K,0.87%
2021-02-09,31.42,31.26,31.52,31.07,11.60K,0.16%
2021-02-10,31.48,31.66,31.83,31.41,6.54K,0.19%
2021-02-11,31.79,31.72,31.93,31.52,12.72K,0.98%
2021-02-12,31.81,31.48,31.89,31.48,20.27K,0.06%
2021-02-16,32.11,31.91,32.52,31.91,38.49K,0.94%
2021-02-17,31.71,31.7,31.8,31.27,7.56K,-1.25%
2021-02-18,31.62,31.64,31.72,31.38,7.67K,-0.28%
2021-02-19,31.91,31.87,32.67,31.86,20.68K,0.92%
2021-02-22,30.73,31.42,31.59,30.64,14.46K,-3.70%
2021-02-23,30.38,30.35,30.48,29.45,13.83K,-1.14%
2021-02-24,30.77,30.21,30.77,30.06,27.24K,1.28%
2021-02-25,29.35,30.59,30.59,29.32,13.23K,-4.61%
2021-02-26,29.27,29.29,29.33,28.71,30.20K,-0.27%
2021-03-01,30.21,29.88,30.38,29.88,51.67K,3.21%
2021-03-02,29.93,30.06,30.06,29.63,22.26K,-0.93%
2021-03-03,29.0,29.48,29.48,28.66,4.16K,-3.11%
2021-03-04,28.32,28.83,29.22,27.83,27.34K,-2.34%
2021-03-05,28.14,27.95,28.2,27.25,11.46K,-0.64%
2021-03-08,27.39,27.99,28.1,27.31,5.38K,-2.67%
2021-03-09,28.4,27.6,28.4,27.6,17.56K,3.69%
2021-03-10,28.59,28.75,29.0,28.41,7.28K,0.67%
2021-03-11,29.88,29.13,29.92,29.03,4.96K,4.51%
2021-03-12,29.82,29.42,29.86,29.42,12.46K,-0.20%
2021-03-15,30.2,29.92,30.31,29.92,7.98K,1.27%
2021-03-16,30.27,30.36,30.75,30.12,10.54K,0.23%
2021-03-17,30.34,29.92,30.34,29.63,9.96K,0.23%
2021-03-18,29.24,29.63,29.77,29.23,2.89K,-3.63%
2021-03-19,29.59,29.36,29.63,29.36,2.23K,1.20%
2021-03-22,29.71,29.64,29.71,29.51,1.60K,0.41%
2021-03-23,29.15,29.42,29.51,29.1,7.12K,-1.88%
2021-03-24,28.45,29.21,29.21,28.45,14.16K,-2.40%
2021-03-25,28.16,28.0,28.18,27.88,26.88K,-1.02%
2021-03-26,28.64,28.43,28.64,28.2,3.99K,1.70%
2021-03-29,28.27,28.5,28.5,27.85,15.73K,-1.29%
2021-03-30,28.31,28.05,28.42,28.05,1.78K,0.14%
2021-03-31,28.85,28.45,29.01,28.45,9.60K,1.91%
2021-04-01,29.2,29.14,29.39,29.07,7.35K,1.21%
2021-04-05,29.2,29.5,29.5,29.01,4.99K,0.00%
2021-04-06,29.86,29.25,29.94,29.25,1.00K,2.26%
2021-04-07,29.4,29.75,29.75,29.39,6.63K,-1.54%
2021-04-08,30.04,29.8,30.07,29.8,42.21K,2.18%
2021-04-09,29.95,29.81,29.98,29.71,23.06K,-0.30%
2021-04-12,29.72,29.75,29.85,29.57,13.53K,-0.77%
2021-04-13,29.84,29.64,29.86,29.64,9.47K,0.40%
2021-04-14,29.61,29.81,29.85,29.61,1.26K,-0.77%
2021-04-15,30.15,30.06,30.21,30.03,30.63K,1.82%
2021-04-16,30.41,30.2,30.41,30.09,2.05K,0.86%
2021-04-19,30.12,30.29,30.29,30.07,4.32K,-0.95%
2021-04-20,29.93,30.04,30.04,29.46,8.78K,-0.63%
2021-04-21,30.27,29.71,30.31,29.71,19.44K,1.14%
2021-04-22,29.92,30.2,30.27,29.89,42.01K,-1.16%
2021-04-23,30.08,30.1,30.14,29.98,7.49K,0.53%
2021-04-26,30.48,30.12,30.48,30.12,1.50K,1.33%
2021-04-27,30.62,30.47,30.84,30.47,2.90K,0.46%
2021-04-28,30.6,30.57,30.87,30.41,6.71K,-0.07%
2021-04-29,30.28,30.65,30.67,30.18,14.98K,-1.05%
2021-04-30,29.9,30.03,30.3,29.9,38.05K,-1.25%
2021-05-03,29.84,29.94,30.27,29.84,6.23K,-0.20%
2021-05-04,29.29,29.74,29.74,29.07,4.70K,-1.84%
2021-05-05,29.52,29.54,29.74,29.45,3.41K,0.79%
2021-05-06,29.34,29.16,29.42,29.11,3.57K,-0.61%
2021-05-07,30.07,30.0,30.19,30.0,1.88K,2.49%
2021-05-10,29.52,29.95,29.95,29.52,4.23K,-1.83%
2021-05-11,29.43,29.06,29.43,28.99,5.22K,-0.30%
2021-05-12,28.77,29.02,29.15,28.68,26.55K,-2.24%
2021-05-13,28.86,28.89,29.0,28.5,6.73K,0.31%
2021-05-14,29.92,29.59,30.0,29.59,3.48K,3.67%
2021-05-17,29.87,29.63,29.87,29.25,17.39K,-0.17%
2021-05-18,30.07,30.1,30.11,29.99,3.17K,0.67%
2021-05-19,29.74,29.8,29.8,29.5,5.11K,-1.10%
2021-05-20,30.12,29.85,30.13,29.83,10.05K,1.28%
2021-05-21,29.73,30.05,30.1,29.65,20.02K,-1.29%
2021-05-24,29.85,29.83,29.9,29.83,2.76K,0.40%
2021-05-25,29.56,29.77,29.8,29.55,2.09K,-0.97%
2021-05-26,30.03,30.05,30.08,30.03,1.34K,1.59%
2021-05-27,30.06,29.99,30.3,29.92,7.38K,0.10%
2021-05-28,30.69,30.16,30.69,30.16,5.59K,2.10%
2021-06-01,30.99,31.12,31.36,30.84,12.95K,0.98%
2021-06-02,31.14,30.99,31.29,30.99,7.47K,0.48%
2021-06-03,30.72,30.68,30.79,30.51,8.17K,-1.35%
2021-06-04,31.21,30.91,31.22,30.83,3.84K,1.60%
2021-06-07,31.5,31.19,31.65,31.19,14.83K,0.93%
2021-06-08,31.16,31.5,31.5,31.15,8.32K,-1.08%
2021-06-09,31.51,31.23,31.55,31.21,3.06K,1.12%
2021-06-10,32.0,31.76,32.0,31.76,5.50K,1.56%
2021-06-11,31.73,31.97,31.97,31.62,1.92K,-0.84%
2021-06-14,32.05,32.14,32.16,32.01,2.19K,1.01%
2021-06-15,31.74,32.04,32.04,31.62,13.16K,-0.97%
2021-06-16,31.9,32.07,32.09,31.78,11.06K,0.50%
2021-06-17,31.74,31.73,31.88,31.5,3.58K,-0.50%
2021-06-18,31.36,31.54,31.54,31.36,4.04K,-1.20%
2021-06-21,31.37,31.39,31.39,31.25,4.79K,0.03%
2021-06-22,31.77,31.16,31.88,31.16,3.42K,1.28%
2021-06-23,31.96,32.11,32.13,31.96,1.98K,0.60%
2021-06-24,32.24,32.15,32.25,32.15,2.42K,0.88%
2021-06-25,31.58,32.08,32.08,31.36,3.83K,-2.05%
2021-06-28,31.53,31.66,31.66,31.4,9.86K,-0.16%
2021-06-29,31.21,31.29,31.37,31.08,7.77K,-1.01%
2021-06-30,30.99,31.3,31.3,30.89,11.26K,-0.70%
2021-07-01,30.7,31.07,31.07,30.6,1.68K,-0.94%
2021-07-02,30.82,30.69,30.84,30.67,3.26K,0.40%
2021-07-03,30.82,30.82,30.82,30.82,,0.00%
2021-07-04,30.82,30.82,30.82,30.82,,0.00%
2021-07-05,30.82,30.82,30.82,30.82,,0.00%
2021-07-06,30.58,30.64,30.93,30.41,21.44K,-0.78%
2021-07-07,30.6,30.36,30.6,30.35,3.36K,0.07%
2021-07-08,30.0,30.01,30.14,29.75,8.43K,-1.96%
2021-07-09,30.7,30.2,30.72,30.2,2.73K,2.34%
2021-07-12,30.8,30.6,30.8,30.57,2.28K,0.32%
2021-07-13,30.91,30.9,31.08,30.76,6.09K,0.36%
2021-07-14,30.52,31.31,31.31,30.52,3.31K,-1.26%
2021-07-15,30.43,30.42,30.51,30.42,0.98K,-0.29%
2021-07-16,30.21,30.52,30.52,30.21,1.04K,-0.72%
2021-07-19,29.82,29.77,29.87,29.62,5.18K,-1.29%
2021-07-20,30.54,29.86,30.59,29.86,4.00K,2.41%
2021-07-21,30.95,30.47,30.95,30.47,3.00K,1.34%
2021-07-22,31.07,31.04,31.14,30.92,2.43K,0.39%
2021-07-23,31.1,31.11,31.12,30.9,6.93K,0.10%
2021-07-26,31.12,31.2,31.34,31.0,9.59K,0.06%
2021-07-27,30.99,31.08,31.08,30.68,4.07K,-0.42%
2021-07-28,31.79,31.28,31.8,31.28,2.68K,2.58%
2021-07-29,31.91,32.0,32.0,31.82,5.25K,0.38%
2021-07-30,31.32,31.67,31.81,31.3,3.25K,-1.85%
2021-08-02,31.2,31.47,31.5,31.17,5.42K,-0.38%
2021-08-03,31.25,31.2,31.3,30.85,4.84K,0.16%
2021-08-04,31.28,31.51,31.51,31.12,2.50K,0.10%
2021-08-05,32.77,31.81,32.97,31.81,16.29K,4.76%
2021-08-06,32.82,32.64,32.85,32.59,15.24K,0.15%
2021-08-07,32.82,32.82,32.82,32.82,,0.00%
2021-08-08,32.82,32.82,32.82,32.82,,0.00%
2021-08-09,32.44,32.82,32.94,32.44,2.91K,-1.16%
2021-08-10,33.45,33.0,33.45,33.0,2.96K,3.11%
2021-08-11,33.81,33.51,33.87,33.41,3.39K,1.08%
2021-08-12,33.84,33.64,33.86,33.59,3.71K,0.09%
2021-08-13,33.92,33.97,34.17,33.83,4.99K,0.24%
2021-08-16,33.54,33.71,33.71,33.32,20.83K,-1.12%
2021-08-17,33.49,32.89,33.49,32.89,13.57K,-0.15%
2021-08-18,33.3,33.5,33.52,33.18,4.58K,-0.57%
2021-08-19,32.98,32.93,33.22,32.93,5.48K,-0.96%
2021-08-20,33.54,32.77,33.65,32.77,9.56K,1.71%
2021-08-23,34.33,33.87,34.34,33.87,6.15K,2.35%
2021-08-24,35.33,34.76,35.44,34.76,7.21K,2.91%
2021-08-25,35.6,35.3,35.6,35.27,15.21K,0.76%
2021-08-26,35.48,35.47,35.6,35.39,2.31K,-0.34%
2021-08-27,36.07,35.68,36.22,35.68,6.95K,1.65%
2021-08-30,36.76,36.23,36.83,36.23,8.29K,1.93%
2021-08-31,36.7,37.23,37.23,36.26,28.44K,-0.16%
2021-09-01,36.46,36.94,36.94,36.37,16.18K,-0.65%
2021-09-02,36.39,36.47,36.81,36.38,11.47K,-0.19%
2021-09-03,36.54,36.5,36.67,36.36,9.86K,0.40%
2021-09-07,37.14,36.54,37.19,36.54,11.29K,1.65%
2021-09-08,36.46,36.95,36.95,36.11,44.66K,-1.83%
2021-09-09,36.11,36.32,36.56,36.01,14.08K,-0.96%
2021-09-10,35.65,36.32,36.48,35.64,7.03K,-1.27%
2021-09-13,36.44,37.04,37.29,36.31,32.77K,2.22%
2021-09-14,36.38,36.49,36.66,36.29,15.10K,-0.16%
2021-09-15,36.46,36.49,36.49,36.35,26.94K,0.22%
2021-09-16,36.45,36.2,36.54,35.9,5.92K,-0.03%
2021-09-17,36.01,36.44,36.49,35.99,3.07K,-1.21%
2021-09-20,34.51,35.0,35.0,34.3,12.53K,-4.17%
2021-09-21,34.73,34.79,34.86,34.7,1.62K,0.64%
2021-09-22,35.1,35.02,35.31,35.02,4.59K,1.07%
2021-09-23,35.13,35.31,35.31,35.13,4.85K,0.09%
2021-09-24,34.67,34.9,34.9,34.61,4.84K,-1.30%
2021-09-27,33.95,34.59,34.59,33.94,12.31K,-2.09%
2021-09-28,33.22,33.46,33.46,33.01,8.55K,-2.15%
2021-09-29,32.91,33.37,33.37,32.9,7.47K,-0.93%
2021-09-30,33.35,33.29,33.58,33.12,17.05K,1.34%
2021-10-01,33.25,33.47,33.49,33.04,28.70K,-0.30%
2021-10-04,32.65,33.08,33.08,32.58,5.04K,-1.80%
2021-10-05,32.84,32.75,32.94,32.59,7.14K,0.58%
2021-10-06,32.55,32.63,32.63,32.13,15.78K,-0.88%
2021-10-07,32.86,32.84,33.06,32.73,6.96K,0.95%
2021-10-08,32.39,32.9,32.98,32.38,6.70K,-1.43%
2021-10-11,32.3,32.5,32.72,32.29,11.76K,-0.28%
2021-10-12,32.38,32.47,32.49,32.31,9.59K,0.25%
2021-10-13,32.75,32.58,32.75,32.5,12.10K,1.15%
2021-10-14,33.09,33.07,33.24,33.04,14.54K,1.03%
2021-10-15,33.56,33.29,33.69,33.29,9.21K,1.43%
2021-10-18,33.97,33.51,34.15,33.51,17.51K,1.21%
2021-10-19,34.0,34.11,34.2,33.95,9.42K,0.09%
2021-10-20,34.59,34.13,34.65,34.07,10.54K,1.74%
2021-10-21,34.17,34.5,34.5,34.12,8.89K,-1.21%
2021-10-22,33.79,33.72,33.79,33.61,2.65K,-1.11%
2021-10-25,34.36,33.9,34.62,33.9,10.87K,1.69%
2021-10-26,34.32,34.63,34.76,34.32,4.67K,-0.12%
2021-10-27,33.5,34.28,34.28,33.48,4.72K,-2.39%
2021-10-28,33.64,33.46,33.86,33.46,14.65K,0.42%
2021-10-29,32.84,33.37,33.37,32.82,1.75K,-2.38%
2021-11-01,33.09,33.05,33.23,33.04,1.89K,0.76%
2021-11-02,33.25,32.95,33.25,32.95,2.62K,0.48%
2021-11-03,34.12,33.21,34.12,33.21,1.86K,2.62%
2021-11-04,34.12,34.59,34.59,33.93,5.33K,0.00%
2021-11-05,34.94,34.72,35.14,34.72,4.77K,2.40%
2021-11-08,35.53,35.28,35.64,35.28,1.32K,1.69%
2021-11-09,36.16,35.47,36.16,35.47,12.13K,1.77%
2021-11-10,35.32,36.2,36.32,35.29,5.34K,-2.32%
2021-11-11,35.64,35.82,35.9,35.5,1.82K,0.91%
2021-11-12,35.16,35.13,35.34,35.02,3.88K,-1.35%
2021-11-15,35.17,35.07,35.29,34.99,31.37K,0.03%
2021-11-16,33.84,34.17,34.56,33.84,9.15K,-3.78%
2021-11-17,33.27,33.37,33.37,33.15,5.32K,-1.68%
2021-11-18,33.22,33.15,33.33,32.68,5.14K,-0.15%
2021-11-19,32.2,33.22,33.22,32.19,5.15K,-3.08%
2021-11-22,31.44,32.52,32.52,31.22,6.69K,-2.35%
2021-11-23,31.1,31.23,31.45,30.84,5.60K,-1.08%
2021-11-24,30.68,30.91,30.91,30.63,5.97K,-1.35%
2021-11-26,29.63,29.94,29.94,29.2,3.11K,-3.42%
2021-11-29,29.45,29.72,29.78,29.44,7.44K,-0.61%
2021-11-30,29.08,29.6,29.6,28.98,36.93K,-1.26%
2021-12-01,28.91,29.74,30.08,28.89,8.72K,-0.58%
2021-12-02,29.67,29.61,29.79,29.33,4.40K,2.63%
2021-12-03,28.98,29.6,29.62,28.89,7.04K,-2.33%
2021-12-06,29.67,28.91,29.78,28.91,5.96K,2.38%
2021-12-07,30.51,30.24,30.75,30.24,13.91K,2.83%
2021-12-08,30.72,30.44,30.79,30.44,3.74K,0.69%
2021-12-09,30.11,30.53,30.64,30.09,3.03K,-1.99%
2021-12-10,29.96,30.17,30.17,29.88,1.99K,-0.49%
2021-12-13,29.5,29.68,29.68,29.18,10.37K,-1.54%
2021-12-14,29.2,29.62,29.62,29.2,8.68K,-1.02%
2021-12-15,29.5,28.95,29.52,28.7,8.27K,1.03%
2021-12-16,29.79,30.0,30.07,29.72,6.70K,0.99%
2021-12-17,29.71,29.44,29.97,29.44,3.46K,-0.28%
2021-12-20,29.28,28.86,29.3,28.83,5.47K,-1.45%
2021-12-21,29.99,29.67,30.07,29.67,4.78K,2.41%
2021-12-22,30.14,29.92,30.14,29.82,9.69K,0.52%
2021-12-23,30.66,30.1,30.7,30.1,3.18K,1.73%
2021-12-27,31.34,31.06,31.34,31.06,5.03K,2.23%
2021-12-28,31.31,31.29,31.71,31.24,9.33K,-0.10%
2021-12-29,31.3,31.02,31.34,31.02,4.46K,-0.03%
2021-12-30,31.27,31.58,31.58,31.27,3.31K,-0.10%
2021-12-31,31.25,31.4,31.4,31.25,0.51K,-0.06%
2022-01-03,31.25,31.03,31.36,31.03,2.05K,0.00%
2022-01-04,30.83,30.91,30.91,30.76,2.03K,-1.34%
2022-01-05,29.63,30.76,30.76,29.51,6.17K,-3.89%
2022-01-06,29.49,29.46,29.62,29.08,3.09K,-0.48%
2022-01-07,29.18,29.39,29.39,29.18,1.64K,-1.05%
2022-01-10,29.0,29.29,29.29,28.5,4.78K,-0.62%
2022-01-11,30.0,30.08,30.08,30.0,0.85K,3.45%
2022-01-12,30.61,30.39,30.72,30.18,1.88K,2.02%
2022-01-13,30.06,30.51,30.51,30.05,0.91K,-1.78%
2022-01-14,30.13,29.98,30.13,29.98,0.35K,0.23%
2022-01-18,29.33,29.75,29.88,29.33,2.37K,-2.66%
2022-01-19,29.44,29.69,29.73,29.44,7.62K,0.38%
2022-01-20,29.35,29.71,29.97,29.28,2.08K,-0.31%
2022-01-21,29.01,29.51,29.51,28.94,5.88K,-1.16%
2022-01-24,28.6,28.38,28.6,27.69,4.04K,-1.41%
2022-01-25,29.01,28.32,29.01,28.15,1.08K,1.43%
2022-01-26,28.71,29.32,29.32,28.71,1.43K,-1.03%
2022-01-27,28.8,28.88,29.15,28.69,2.10K,0.31%
2022-01-28,29.93,29.26,29.99,29.26,2.02K,3.92%
2022-01-31,30.98,30.11,30.98,30.03,14.84K,3.51%
2022-02-01,31.23,31.19,31.24,30.84,2.61K,0.80%
2022-02-02,30.69,31.27,31.27,30.68,0.79K,-1.73%
2022-02-03,29.67,29.81,29.95,29.66,2.59K,-3.32%
2022-02-04,29.9,30.0,30.05,29.66,2.14K,0.76%
2022-02-07,30.05,30.02,30.3,30.02,1.08K,0.53%
2022-02-08,30.3,30.15,30.33,30.13,1.00K,0.83%
2022-02-09,30.72,30.38,30.72,30.38,2.52K,1.38%
2022-02-10,30.6,30.38,31.34,30.38,6.10K,-0.38%
2022-02-11,30.99,30.9,31.51,30.78,3.12K,1.28%
2022-02-14,30.97,30.9,31.18,30.72,11.08K,-0.08%
2022-02-15,31.53,31.23,31.59,31.23,3.92K,1.81%
2022-02-16,32.16,31.35,32.17,31.35,4.28K,1.98%
2022-02-17,31.26,32.05,32.05,31.18,1.80K,-2.78%
2022-02-18,30.9,31.25,31.25,30.86,1.60K,-1.17%
2022-02-22,31.2,30.79,31.49,30.79,2.24K,0.98%
2022-02-23,31.81,32.04,32.16,31.65,5.07K,1.96%
2022-02-24,31.86,30.67,31.86,30.59,18.73K,0.15%
2022-02-25,32.64,32.17,32.73,32.0,3.96K,2.45%
2022-02-28,32.35,32.39,32.6,31.8,24.00K,-0.89%
2022-03-01,32.58,32.05,32.58,32.05,11.07K,0.71%
2022-03-02,33.05,32.88,33.05,32.65,3.16K,1.44%
2022-03-03,33.0,33.05,33.07,32.55,3.09K,-0.15%
2022-03-04,32.37,32.97,32.97,32.25,2.82K,-1.92%
2022-03-07,31.24,32.26,32.73,31.24,3.25K,-3.48%
2022-03-08,31.16,31.31,31.9,31.16,5.95K,-0.26%
2022-03-09,32.2,31.7,32.37,31.65,6.79K,3.34%
2022-03-10,32.76,31.83,32.78,31.83,2.39K,1.74%
2022-03-11,32.29,32.78,32.78,32.29,12.06K,-1.43%
2022-03-14,31.23,31.72,31.97,31.22,10.87K,-3.27%
2022-03-15,31.61,30.9,31.61,30.9,11.06K,1.20%
2022-03-16,32.94,32.09,32.95,32.03,4.85K,4.20%
2022-03-17,33.8,32.91,33.88,32.82,38.61K,2.62%
2022-03-18,34.08,33.59,34.13,33.59,6.84K,0.83%
2022-03-21,34.18,34.22,34.51,33.99,15.52K,0.30%
2022-03-22,34.6,34.52,34.66,34.46,4.09K,1.23%
2022-03-23,34.61,34.33,34.91,34.33,11.28K,0.03%
2022-03-24,35.46,34.76,35.69,34.65,8.32K,2.46%
2022-03-25,35.29,35.48,35.86,34.83,10.98K,-0.48%
2022-03-28,35.39,35.3,35.4,34.85,5.43K,0.27%
2022-03-29,35.58,35.7,35.7,35.36,8.70K,0.54%
2022-03-30,35.44,35.6,35.85,35.42,3.24K,-0.40%
2022-03-31,35.61,35.24,35.78,35.17,29.79K,0.49%
2022-04-01,36.31,35.95,36.42,35.73,75.61K,1.97%
2022-04-04,36.81,36.67,36.82,36.4,26.05K,1.38%
2022-04-05,35.74,36.96,36.96,35.7,11.53K,-2.91%
2022-04-06,35.21,35.19,35.4,34.77,4.87K,-1.48%
2022-04-07,35.48,35.21,35.48,34.98,14.10K,0.77%
2022-04-08,35.72,35.51,35.78,35.51,5.75K,0.67%
2022-04-11,35.03,35.59,35.59,35.03,2.91K,-1.94%
2022-04-12,34.79,35.23,35.4,34.74,6.63K,-0.66%
2022-04-13,35.56,34.93,35.59,34.93,6.24K,2.21%
2022-04-14,35.21,35.53,35.53,35.08,22.35K,-0.98%
2022-04-18,35.01,35.08,35.37,35.0,3.80K,-0.57%
2022-04-19,35.47,34.64,35.53,34.64,6.06K,1.31%
2022-04-20,35.31,35.3,35.36,35.2,6.92K,-0.44%
2022-04-21,33.65,35.32,35.32,33.61,11.81K,-4.72%
2022-04-22,32.64,33.64,33.64,32.64,3.11K,-2.99%
2022-04-25,32.76,32.02,32.76,32.02,10.89K,0.37%
2022-04-26,31.82,32.26,32.26,31.79,2.66K,-2.86%
2022-04-27,32.37,31.86,32.59,31.75,3.48K,1.72%
2022-04-28,32.68,32.5,32.82,32.06,4.26K,0.96%
2022-04-29,31.72,32.83,32.94,31.69,6.84K,-2.94%
2022-05-02,31.41,31.24,31.41,30.99,8.60K,-0.98%
2022-05-03,31.95,31.52,32.0,31.52,0.45K,1.73%
2022-05-04,32.52,31.83,32.52,31.12,76.95K,1.78%
2022-05-05,30.69,31.96,31.99,30.53,6.75K,-5.63%
2022-05-06,30.5,30.82,31.11,30.4,3.78K,-0.62%
2022-05-09,28.15,29.82,29.82,28.08,9.07K,-7.70%
2022-05-10,28.29,28.45,29.13,28.01,8.44K,0.50%
2022-05-11,28.14,28.43,28.84,28.09,5.28K,-0.51%
2022-05-12,28.31,27.71,28.72,27.53,4.41K,0.59%
2022-05-13,29.26,28.44,29.4,28.44,15.14K,3.36%
2022-05-16,29.72,29.5,29.89,29.5,5.14K,1.56%
2022-05-17,30.61,30.52,30.74,30.21,58.85K,2.99%
2022-05-18,29.36,30.48,30.48,29.29,15.00K,-4.08%
2022-05-19,30.04,29.48,30.4,29.48,2.65K,2.32%
2022-05-20,29.61,30.38,30.38,29.17,21.21K,-1.43%
2022-05-23,30.26,29.65,30.26,29.65,3.26K,2.20%
2022-05-24,29.77,29.83,29.86,29.56,2.22K,-1.62%
2022-05-25,30.11,30.12,30.16,29.9,2.92K,1.14%
2022-05-26,30.82,30.59,30.96,30.59,2.54K,2.36%
2022-05-27,31.15,31.15,31.17,31.08,5.11K,1.06%
2022-05-31,30.84,31.81,31.81,30.84,4.67K,-0.97%
2022-06-01,30.41,31.0,31.12,30.2,51.11K,-1.41%
2022-06-02,31.54,30.71,31.55,30.71,3.70K,3.72%
2022-06-03,30.95,30.93,31.3,30.93,1.47K,-1.87%
2022-06-06,30.75,31.27,31.27,30.51,3.48K,-0.65%
2022-06-07,30.92,30.34,30.92,30.34,3.72K,0.55%
2022-06-08,30.77,30.94,31.07,30.69,12.35K,-0.48%
2022-06-09,29.08,30.28,30.28,29.08,8.18K,-5.50%
2022-06-10,28.23,28.91,28.91,28.2,7.22K,-2.92%
2022-06-13,26.14,27.2,27.21,26.14,15.65K,-7.40%
2022-06-14,25.94,26.25,26.35,25.68,7.26K,-0.77%
2022-06-15,27.03,26.1,27.25,26.1,6.45K,4.20%
2022-06-16,25.69,26.14,26.14,25.69,9.29K,-4.96%
2022-06-17,25.83,25.93,26.05,25.58,4.24K,0.54%
2022-06-21,26.21,26.16,26.39,26.16,2.15K,1.48%
2022-06-22,26.26,25.68,26.55,25.68,3.25K,0.19%
2022-06-23,25.83,26.33,26.37,25.51,9.31K,-1.64%
2022-06-24,26.43,26.27,26.5,26.27,4.18K,2.32%
2022-06-27,26.43,26.53,26.53,26.15,9.99K,0.00%
2022-06-28,25.94,26.75,26.96,25.9,16.75K,-1.85%
2022-06-29,25.27,25.71,25.71,25.1,10.43K,-2.58%
2022-06-30,24.8,24.93,24.95,24.41,5.15K,-1.86%
2022-07-01,25.32,24.52,25.32,24.52,6.81K,2.09%
2022-07-05,24.98,24.58,24.98,24.21,5.46K,-1.36%
2022-07-06,24.81,24.99,25.0,24.74,2.34K,-0.67%
2022-07-07,25.24,25.19,25.49,25.19,4.38K,1.73%
2022-07-08,25.14,25.13,25.23,24.93,2.86K,-0.40%
2022-07-11,24.22,24.6,24.73,24.17,13.85K,-3.66%
2022-07-12,23.95,24.09,24.22,23.88,22.10K,-1.11%
2022-07-13,24.2,23.61,24.35,23.61,4.67K,1.04%
2022-07-14,23.53,23.29,23.71,23.29,2.05K,-2.77%
2022-07-15,24.17,23.94,24.2,23.94,6.78K,2.73%
2022-07-18,24.48,24.63,24.94,24.48,4.71K,1.27%
2022-07-19,24.85,24.83,24.87,24.77,2.94K,1.51%
2022-07-20,25.07,24.79,25.26,24.75,26.10K,0.89%
2022-07-21,24.88,24.73,24.88,24.73,3.94K,-0.76%
2022-07-22,24.68,24.89,24.94,24.55,3.76K,-0.80%
2022-07-25,25.29,25.13,25.29,25.05,3.54K,2.45%
2022-07-26,24.94,25.17,25.17,24.94,0.71K,-1.37%
2022-07-27,26.24,25.25,26.24,25.25,2.03K,5.21%
2022-07-28,27.21,26.53,27.21,26.53,1.48K,3.70%
2022-07-29,27.81,27.24,27.95,27.24,5.25K,2.20%
2022-08-01,27.58,27.58,28.15,27.51,7.90K,-0.83%
2022-08-02,27.61,27.49,27.93,27.49,4.15K,0.11%
2022-08-03,28.33,28.0,28.33,28.0,4.49K,2.61%
2022-08-04,29.57,29.49,30.08,29.49,7.54K,4.38%
2022-08-05,29.78,29.92,29.92,29.48,1.72K,0.71%
2022-08-08,30.45,30.53,30.59,30.35,3.70K,2.25%
2022-08-09,29.68,30.33,30.33,29.6,4.90K,-2.53%
2022-08-10,30.37,30.67,30.67,30.35,2.29K,2.32%
2022-08-11,30.4,30.75,30.82,30.3,2.45K,0.10%
2022-08-12,31.25,30.42,31.38,30.42,3.22K,2.80%
2022-08-15,31.31,30.9,31.32,30.9,1.42K,0.19%
2022-08-16,31.01,30.96,31.12,30.88,5.99K,-0.96%
2022-08-17,30.38,30.46,30.46,30.18,2.82K,-2.03%
2022-08-18,30.43,30.28,30.43,30.28,2.49K,0.16%
2022-08-19,29.24,29.79,29.79,29.19,10.06K,-3.91%
2022-08-22,29.25,28.63,29.33,28.58,10.17K,0.03%
2022-08-23,29.94,29.25,29.94,29.25,1.61K,2.36%
2022-08-24,30.65,29.93,30.71,29.83,4.19K,2.37%
2022-08-25,31.4,31.03,31.4,31.03,2.82K,2.45%
2022-08-26,30.79,31.3,31.3,30.62,2.86K,-1.93%
2022-08-29,31.2,30.52,31.2,30.34,4.51K,1.31%
2022-08-30,30.37,31.42,31.42,30.36,6.09K,-2.65%
2022-08-31,29.85,30.23,30.23,29.71,2.77K,-1.71%
2022-09-01,29.85,29.39,29.85,29.07,3.58K,0.00%
2022-09-02,30.38,29.88,30.63,29.88,3.89K,1.78%
2022-09-06,30.47,30.41,30.47,30.39,1.38K,0.28%
2022-09-07,31.47,30.95,31.48,30.95,1.84K,3.29%
2022-09-08,31.63,31.51,31.93,31.36,5.12K,0.52%
2022-09-09,32.72,32.0,32.77,31.9,10.57K,3.44%
2022-09-12,33.14,33.31,33.31,33.04,3.89K,1.29%
2022-09-13,32.12,32.65,32.83,31.91,14.85K,-3.08%
2022-09-14,32.52,32.01,32.55,32.01,2.66K,1.25%
2022-09-15,31.63,32.48,32.48,31.43,3.49K,-2.74%
2022-09-16,31.04,30.93,31.2,30.71,13.07K,-1.86%
2022-09-19,31.99,30.78,32.0,30.78,1.42K,3.04%
2022-09-20,31.18,31.65,31.65,30.91,3.53K,-2.52%
2022-09-21,30.69,31.09,31.27,30.57,2.93K,-1.58%
2022-09-22,30.3,30.52,30.52,30.02,9.01K,-1.27%
2022-09-23,28.66,29.25,29.25,28.54,6.88K,-5.41%
2022-09-26,27.68,28.47,28.71,27.63,8.04K,-3.42%
2022-09-27,27.91,28.14,28.14,27.87,1.23K,0.83%
2022-09-28,29.09,27.92,29.09,27.92,2.60K,4.23%
2022-09-29,28.68,28.34,28.9,28.34,6.00K,-1.41%
2022-09-30,28.88,29.14,29.14,28.83,6.00K,0.70%
2022-10-03,30.48,29.49,30.54,29.49,6.47K,5.54%
2022-10-04,31.37,31.18,31.41,31.06,11.73K,2.92%
2022-10-05,31.36,31.11,31.4,30.61,3.16K,-0.03%
2022-10-06,31.25,31.12,31.32,31.12,1.78K,-0.35%
2022-10-07,30.41,30.95,30.95,30.4,4.85K,-2.69%
2022-10-10,29.95,30.31,30.33,29.84,7.49K,-1.51%
2022-10-11,29.27,29.56,29.94,29.11,8.03K,-2.27%
2022-10-12,28.93,29.2,29.2,28.76,5.05K,-1.16%
2022-10-13,29.31,28.47,29.31,28.37,0.69K,1.30%
2022-10-14,28.16,29.37,29.37,28.14,3.44K,-3.92%
2022-10-17,29.57,29.1,29.65,29.1,3.71K,5.02%
2022-10-18,29.49,30.02,30.36,29.2,4.81K,-0.27%
2022-10-19,29.1,29.17,29.35,29.05,1.92K,-1.32%
2022-10-20,29.23,29.29,29.29,29.23,0.87K,0.45%
2022-10-21,29.81,29.07,29.81,29.07,5.14K,1.98%
2022-10-24,29.4,29.26,29.52,28.8,3.92K,-1.38%
2022-10-25,30.31,29.46,30.31,29.46,3.04K,3.09%
2022-10-26,30.36,30.48,30.68,30.34,0.87K,0.18%
2022-10-27,30.62,30.37,30.62,30.37,0.88K,0.85%
2022-10-28,30.73,30.26,30.82,30.26,2.72K,0.35%
2022-10-31,31.1,30.39,31.21,30.39,3.16K,1.21%
2022-11-01,31.97,31.63,32.0,31.33,4.07K,2.78%
2022-11-02,30.76,31.7,31.8,30.76,1.38K,-3.76%
2022-11-03,31.1,30.39,31.2,30.38,4.43K,1.09%
2022-11-04,32.03,32.31,32.4,31.98,4.70K,2.99%
2022-11-07,31.93,32.15,32.22,31.85,5.14K,-0.31%
2022-11-08,31.81,31.98,31.98,31.6,2.47K,-0.38%
2022-11-09,30.28,31.38,31.44,30.28,2.12K,-4.82%
2022-11-10,30.77,31.6,31.6,30.68,1.71K,1.62%
2022-11-11,31.5,31.23,31.52,31.14,1.90K,2.39%
2022-11-14,31.87,31.66,32.11,31.41,2.85K,1.17%
2022-11-15,32.31,32.51,32.51,32.25,3.82K,1.38%
2022-11-16,31.32,31.85,31.99,31.32,4.18K,-3.06%
2022-11-17,30.59,30.83,30.88,30.49,1.92K,-2.33%
2022-11-18,31.03,30.63,31.03,30.63,4.22K,1.44%
2022-11-21,30.88,31.13,31.13,30.43,7.31K,-0.48%
2022-11-22,31.41,30.88,31.41,30.88,0.47K,1.73%
2022-11-23,31.93,31.69,32.02,31.69,2.02K,1.64%
2022-11-25,32.42,32.13,32.42,32.13,1.02K,1.53%
2022-11-28,32.21,32.23,32.4,31.85,4.96K,-0.65%
2022-11-29,32.38,32.29,32.57,32.29,1.97K,0.52%
2022-11-30,32.89,32.83,32.92,32.38,3.40K,1.59%
2022-12-01,33.14,32.71,33.23,32.64,7.03K,0.76%
2022-12-02,33.2,33.39,33.39,33.2,3.42K,0.18%
2022-12-05,31.8,32.54,32.71,31.8,2.32K,-4.20%
2022-12-06,31.27,31.76,31.76,31.19,2.66K,-1.68%
2022-12-07,31.76,31.5,31.76,31.4,2.23K,1.56%
2022-12-08,31.37,32.26,32.33,31.37,1.83K,-1.23%
2022-12-09,31.02,31.31,31.6,31.02,23.73K,-1.10%
2022-12-12,31.5,31.3,31.56,31.3,8.45K,1.55%
2022-12-13,31.43,32.45,33.08,31.43,2.89K,-0.22%
2022-12-14,31.26,31.05,31.28,31.05,1.26K,-0.54%
2022-12-15,30.92,30.78,30.92,30.68,1.92K,-1.09%
2022-12-16,31.08,30.82,31.08,30.82,0.85K,0.51%
2022-12-19,31.87,31.31,31.89,31.31,3.38K,2.54%
2022-12-20,32.55,32.0,33.01,32.0,6.15K,2.14%
2022-12-21,33.36,32.59,33.45,32.59,5.39K,2.49%
2022-12-22,33.39,33.31,33.39,32.86,23.44K,0.09%
2022-12-23,33.98,33.4,33.98,33.28,3.32K,1.77%
2022-12-27,34.06,34.36,34.9,33.97,24.11K,0.24%
2022-12-28,34.21,34.12,34.59,33.91,21.00K,0.44%
2022-12-29,33.97,34.22,34.38,33.9,13.81K,-0.70%
2022-12-30,33.97,33.82,34.14,33.63,45.91K,0.00%
2023-01-03,33.18,34.51,34.69,33.18,10.25K,-2.33%
2023-01-04,33.84,33.61,33.84,33.1,5.90K,1.99%
2023-01-05,34.66,33.52,34.67,33.52,5.29K,2.42%
2023-01-06,35.64,35.0,35.95,34.98,78.75K,2.83%
2023-01-09,36.21,35.97,36.69,35.95,28.14K,1.60%
2023-01-10,36.44,36.35,36.45,35.79,6.21K,0.64%
2023-01-11,37.24,36.39,37.35,36.39,24.82K,2.19%
2023-01-12,38.33,37.35,38.58,36.99,24.00K,2.93%
2023-01-13,39.28,38.19,39.44,38.19,82.08K,2.48%
2023-01-17,39.88,39.59,40.05,39.0,52.96K,1.53%
2023-01-18,38.23,40.31,40.8,38.11,59.85K,-4.14%
2023-01-19,38.13,38.08,38.23,37.09,18.75K,-0.25%
2023-01-20,39.62,38.32,39.63,38.15,29.31K,3.89%
2023-01-23,39.78,39.69,40.9,39.44,26.15K,0.40%
2023-01-24,40.17,39.66,40.33,39.01,20.97K,0.98%
2023-01-25,41.1,39.97,41.1,39.31,36.08K,2.30%
2023-01-26,41.34,41.46,41.59,40.9,31.92K,0.60%
2023-01-27,40.79,41.21,41.31,40.51,21.66K,-1.34%
2023-01-30,39.44,40.36,40.57,39.4,34.65K,-3.30%
2023-01-31,40.63,39.42,40.75,38.88,31.21K,3.02%
2023-02-01,41.06,40.78,41.06,40.02,15.69K,1.06%
2023-02-02,40.9,41.29,41.47,40.57,17.06K,-0.39%
2023-02-03,39.6,40.4,40.54,39.43,35.19K,-3.18%
2023-02-06,39.31,39.12,40.0,38.97,16.49K,-0.73%
2023-02-07,39.65,39.1,39.82,39.1,15.93K,0.87%
2023-02-08,39.7,39.48,39.92,39.24,8.31K,0.12%
2023-02-09,38.77,40.23,40.23,38.75,14.11K,-2.35%
2023-02-10,38.72,38.7,38.76,38.24,32.86K,-0.12%
2023-02-13,39.47,38.72,39.87,38.72,44.32K,1.94%
2023-02-14,40.08,39.39,40.42,39.39,10.84K,1.54%
2023-02-15,40.25,39.75,40.26,39.55,12.89K,0.42%
2023-02-16,40.06,40.2,40.5,39.84,15.11K,-0.47%
2023-02-17,38.9,39.66,39.66,38.78,9.07K,-2.88%
2023-02-21,38.6,39.17,39.17,38.5,11.65K,-0.78%
2023-02-22,38.66,38.5,39.04,38.31,12.61K,0.16%
2023-02-23,39.44,39.18,39.56,38.51,26.90K,2.03%
2023-02-24,39.41,38.97,39.46,38.74,59.43K,-0.08%
2023-02-27,39.77,39.59,40.12,39.51,15.70K,0.90%
2023-02-28,39.72,40.0,40.42,39.49,17.57K,-0.12%
2023-03-01,40.09,40.0,40.31,39.67,12.11K,0.93%
2023-03-02,39.15,39.79,40.19,39.02,17.20K,-2.34%
2023-03-03,39.61,39.64,39.64,39.32,3.40K,1.18%
2023-03-06,40.62,39.53,40.64,39.39,58.67K,2.55%
2023-03-07,39.64,40.63,40.63,39.46,13.86K,-2.41%
2023-03-08,39.95,39.77,40.0,39.01,8.64K,0.77%
2023-03-09,38.83,39.72,40.27,38.67,32.50K,-2.80%
2023-03-10,37.25,38.81,38.81,37.22,56.95K,-4.06%
2023-03-13,36.74,37.09,37.3,36.05,32.64K,-1.36%
2023-03-14,37.07,36.76,37.65,36.76,14.22K,0.90%
2023-03-15,35.64,36.2,36.33,35.02,62.44K,-3.86%
2023-03-16,36.71,35.61,36.72,35.26,5.84K,3.00%
2023-03-17,36.06,36.32,36.32,35.45,46.49K,-1.77%
2023-03-20,35.87,35.95,36.11,35.57,10.20K,-0.52%
2023-03-21,36.9,36.15,37.02,36.15,4.81K,2.87%
2023-03-22,36.45,37.19,37.19,36.45,9.69K,-1.22%
2023-03-23,36.34,36.96,36.97,36.13,4.77K,-0.30%
2023-03-24,36.49,36.1,36.55,35.77,2.91K,0.41%
2023-03-27,37.4,36.9,37.55,36.81,8.99K,2.49%
2023-03-28,38.0,37.61,38.13,37.47,9.45K,1.61%
2023-03-29,38.76,38.14,38.82,38.14,10.15K,2.00%
2023-03-30,39.13,39.06,39.13,38.79,6.14K,0.95%
2023-03-31,39.27,39.75,39.8,38.84,19.22K,0.36%
2023-04-03,39.47,39.32,39.69,39.26,7.62K,0.50%
2023-04-04,38.94,39.3,39.3,38.73,3.87K,-1.34%
2023-04-05,38.43,38.23,38.59,37.93,6.89K,-1.31%
2023-04-06,38.26,38.42,38.49,38.05,3.89K,-0.44%
2023-04-10,39.06,38.12,39.16,38.01,11.59K,2.09%
2023-04-11,40.15,39.4,40.15,39.4,8.81K,2.79%
2023-04-12,40.48,40.74,40.74,40.18,4.35K,0.82%
2023-04-13,41.06,40.53,41.46,40.53,10.86K,1.43%
2023-04-14,41.31,41.22,41.61,40.79,15.16K,0.61%
2023-04-17,41.49,41.52,41.53,40.94,18.80K,0.43%
2023-04-18,41.06,41.57,41.96,41.06,9.02K,-1.04%
2023-04-19,39.88,40.67,40.67,39.71,6.50K,-2.87%
2023-04-20,39.58,39.75,40.06,39.51,8.58K,-0.75%
2023-04-21,39.14,39.46,39.68,38.9,9.31K,-1.12%
2023-04-24,39.29,38.94,39.47,38.94,2.71K,0.39%
2023-04-25,38.78,38.96,39.08,38.67,11.45K,-1.30%
2023-04-26,38.86,38.64,39.37,38.64,8.60K,0.22%
2023-04-27,39.04,39.01,39.09,38.9,2.66K,0.45%
2023-04-28,39.29,38.95,39.63,38.71,14.24K,0.64%
2023-05-01,39.1,39.22,39.56,38.69,8.71K,-0.48%
2023-05-02,38.79,39.0,39.0,37.93,13.46K,-0.80%
2023-05-03,38.92,38.81,39.12,38.78,7.01K,0.35%
2023-05-04,38.32,39.45,39.45,38.3,6.08K,-1.56%
2023-05-05,39.77,38.5,40.0,38.5,4.28K,3.80%
2023-05-08,40.44,39.98,40.55,39.98,11.20K,1.68%
2023-05-09,40.46,40.13,40.83,40.03,13.87K,0.04%
2023-05-10,40.79,40.06,40.88,40.06,11.49K,0.82%
2023-05-11,41.09,40.26,41.33,40.19,12.34K,0.75%
2023-05-12,40.98,40.99,41.3,40.63,9.49K,-0.27%
2023-05-15,40.88,41.38,41.38,40.62,10.07K,-0.26%
2023-05-16,39.77,40.68,41.0,39.77,25.36K,-2.72%
2023-05-17,41.18,39.86,41.77,39.86,15.05K,3.55%
2023-05-18,40.69,40.9,41.02,40.2,6.46K,-1.19%
2023-05-19,40.76,40.76,40.82,40.56,3.33K,0.17%
2023-05-22,40.79,40.87,41.37,40.79,22.52K,0.08%
2023-05-23,40.64,40.58,41.55,40.58,16.46K,-0.38%
2023-05-24,40.65,40.28,40.71,40.28,2.39K,0.02%
2023-05-25,40.21,40.75,40.75,39.97,7.34K,-1.06%
2023-05-26,40.45,40.76,40.76,40.45,4.42K,0.58%
2023-05-30,40.34,40.45,40.63,39.84,13.14K,-0.27%
2023-05-31,39.8,40.35,40.42,39.78,5.02K,-1.35%
2023-06-01,40.93,39.99,41.28,39.99,13.06K,2.85%
2023-06-02,41.34,41.5,41.51,41.21,6.06K,1.00%
2023-06-05,42.2,41.18,42.31,41.18,47.99K,2.09%
2023-06-06,43.52,42.2,43.98,42.2,95.13K,3.12%
2023-06-07,43.53,43.62,43.96,43.27,22.99K,0.02%
2023-06-08,43.15,43.43,43.74,42.7,23.78K,-0.87%
2023-06-09,43.16,43.12,43.48,42.34,36.40K,0.02%
2023-06-12,43.08,43.59,43.59,42.48,17.84K,-0.19%
2023-06-13,43.02,43.18,43.38,42.76,5.96K,-0.14%
2023-06-14,43.15,42.89,43.31,42.3,30.57K,0.30%
2023-06-15,43.92,43.17,43.98,42.9,23.75K,1.78%
2023-06-16,44.96,44.44,45.23,43.75,30.56K,2.37%
2023-06-20,45.66,44.61,45.84,44.59,73.70K,1.56%
2023-06-21,46.77,45.58,46.95,45.25,47.49K,2.43%
2023-06-22,45.73,46.52,46.52,45.66,20.35K,-2.22%
2023-06-23,45.8,45.17,45.99,44.82,31.05K,0.15%
2023-06-26,46.35,46.72,47.58,45.79,90.86K,1.20%
2023-06-27,45.37,46.59,46.59,45.04,66.56K,-2.11%
2023-06-28,45.4,44.99,46.23,44.67,31.01K,0.07%
2023-06-29,45.36,44.78,45.6,44.78,10.22K,-0.09%
2023-06-30,45.78,45.72,45.81,45.53,8.44K,0.93%
2023-07-03,46.0,46.24,46.24,45.93,27.10K,0.48%
2023-07-05,46.74,45.83,46.92,45.8,29.20K,1.61%
2023-07-06,44.1,46.08,46.08,43.79,41.64K,-5.65%
2023-07-07,45.03,44.28,45.42,44.28,19.82K,2.11%
2023-07-10,44.55,45.38,45.38,44.2,20.12K,-1.07%
2023-07-11,44.84,44.21,44.85,44.17,24.75K,0.65%
2023-07-12,45.61,45.56,45.91,44.81,20.19K,1.72%
2023-07-13,46.36,45.88,46.56,45.76,14.59K,1.64%
2023-07-14,44.88,46.16,46.16,44.7,82.13K,-3.19%
2023-07-17,46.63,44.79,46.84,44.79,30.18K,3.90%
2023-07-18,47.08,46.34,47.2,46.07,14.73K,0.97%
2023-07-19,46.89,47.43,47.47,46.45,17.26K,-0.41%
2023-07-20,46.73,46.96,47.16,46.64,22.31K,-0.34%
2023-07-21,47.43,46.95,47.78,46.61,20.72K,1.50%
2023-07-24,47.27,47.58,48.2,47.06,32.21K,-0.34%
2023-07-25,47.24,47.69,47.69,47.14,12.59K,-0.06%
2023-07-26,47.05,47.02,47.39,46.85,8.79K,-0.40%
2023-07-27,45.52,47.05,47.06,45.3,44.51K,-3.24%
2023-07-28,46.41,46.33,46.75,45.31,25.07K,1.95%
2023-07-31,46.83,46.04,46.84,45.78,17.01K,0.90%
2023-08-01,46.21,46.22,46.65,45.64,54.48K,-1.32%
2023-08-02,44.6,45.37,45.62,44.48,78.87K,-3.48%
2023-08-03,45.35,45.01,45.81,44.87,14.07K,1.68%
2023-08-04,45.65,45.59,46.33,45.38,27.24K,0.66%
2023-08-07,45.62,45.68,45.89,45.08,22.04K,-0.07%
2023-08-08,46.14,45.15,46.35,45.15,21.97K,1.14%
2023-08-09,45.48,46.36,46.36,45.48,25.62K,-1.43%
2023-08-10,46.79,46.2,47.15,46.2,47.51K,2.88%
2023-08-11,46.5,47.24,47.3,46.28,52.47K,-0.61%
2023-08-14,45.15,44.91,46.57,42.76,368.68K,-2.90%
2023-08-15,44.99,45.17,45.86,44.65,73.09K,-0.35%
2023-08-16,45.12,44.82,46.06,44.82,98.96K,0.29%
2023-08-17,44.21,45.61,46.0,44.07,85.23K,-2.01%
2023-08-18,44.5,43.78,44.74,43.35,65.42K,0.65%
2023-08-21,44.52,44.5,45.35,44.11,17.13K,0.04%
2023-08-22,45.34,44.74,45.51,44.38,23.72K,1.84%
2023-08-23,46.5,45.72,46.73,45.3,28.06K,2.56%
2023-08-24,45.39,46.83,46.83,45.38,20.72K,-2.39%
2023-08-25,45.8,45.46,46.1,45.1,11.28K,0.90%
2023-08-28,47.12,46.13,47.2,45.81,23.47K,2.88%
2023-08-29,47.55,47.29,48.46,47.29,34.03K,0.91%
2023-08-30,47.38,47.55,48.36,47.34,31.47K,-0.36%
2023-08-31,47.45,47.36,48.11,47.05,27.76K,0.15%
2023-09-01,47.78,48.21,48.31,47.24,37.82K,0.70%
2023-09-05,46.65,47.36,47.49,46.56,31.58K,-2.37%
2023-09-06,46.23,47.28,47.28,45.84,15.89K,-0.90%
2023-09-07,45.72,45.73,45.87,45.33,15.60K,-1.10%
2023-09-08,44.69,45.68,46.11,44.39,35.47K,-2.25%
2023-09-11,44.64,45.28,45.28,44.25,17.08K,-0.11%
2023-09-12,44.92,44.25,45.23,44.03,15.47K,0.63%
2023-09-13,45.17,44.96,45.34,44.66,5.85K,0.56%
2023-09-14,45.53,45.49,45.73,44.89,14.82K,0.80%
2023-09-15,45.47,45.56,45.62,45.13,9.02K,-0.13%
2023-09-18,45.85,45.29,46.03,45.18,25.24K,0.84%
2023-09-19,45.01,45.71,45.71,44.65,10.74K,-1.83%
2023-09-20,44.22,45.21,45.29,44.06,13.08K,-1.76%
2023-09-21,43.33,43.29,43.85,43.1,65.24K,-2.01%
2023-09-22,42.91,43.88,43.98,42.91,13.70K,-0.98%
2023-09-25,42.51,42.61,42.94,42.24,19.57K,-0.93%
2023-09-26,41.63,42.01,42.36,41.18,50.78K,-2.07%
2023-09-27,41.44,41.72,41.93,41.37,59.59K,-0.46%
2023-09-28,41.91,41.75,42.28,41.44,15.68K,1.13%
2023-09-29,41.28,42.49,42.49,41.22,9.55K,-1.50%
2023-10-02,40.51,41.13,41.13,40.33,50.85K,-1.88%
2023-10-03,39.32,40.28,40.5,39.06,34.57K,-2.93%
2023-10-04,39.51,39.94,39.94,38.5,39.55K,0.47%
2023-10-05,39.6,39.59,39.66,38.98,20.28K,0.24%
2023-10-06,40.43,39.56,40.48,39.22,5.68K,2.10%
2023-10-09,40.42,40.11,40.43,39.84,9.34K,-0.02%
2023-10-10,40.66,40.49,41.09,40.49,20.87K,0.59%
2023-10-11,41.21,40.98,41.21,40.69,11.57K,1.35%
2023-10-12,40.74,40.9,41.22,40.3,16.07K,-1.14%
2023-10-13,40.51,40.86,40.89,40.22,12.41K,-0.58%
2023-10-16,41.05,40.57,41.14,40.55,13.49K,1.35%
2023-10-17,42.29,40.71,42.29,40.71,23.48K,3.02%
2023-10-18,41.72,42.02,42.22,41.38,32.02K,-1.35%
2023-10-19,40.5,41.75,41.75,40.3,28.93K,-2.92%
2023-10-20,39.79,40.19,40.45,39.74,18.63K,-1.75%
2023-10-23,38.89,38.81,39.36,37.76,55.76K,-2.26%
2023-10-24,39.41,39.55,40.01,39.29,22.78K,1.35%
2023-10-25,39.51,39.35,40.15,39.11,28.23K,0.24%
2023-10-26,39.31,39.39,39.74,39.24,11.72K,-0.51%
2023-10-27,39.23,40.0,40.0,39.03,26.39K,-0.20%
2023-10-30,38.67,39.65,39.8,38.48,25.25K,-1.44%
2023-10-31,38.44,38.5,38.75,38.08,42.31K,-0.58%
2023-11-01,39.37,38.28,39.72,38.01,22.99K,2.42%
2023-11-02,40.38,40.27,40.39,39.98,20.63K,2.57%
2023-11-03,41.21,40.65,41.43,40.65,31.73K,2.06%
2023-11-06,40.63,41.65,41.65,40.35,13.03K,-1.42%
2023-11-07,41.01,40.44,41.37,40.44,13.01K,0.95%
2023-11-08,40.06,40.8,41.04,40.06,19.13K,-2.32%
2023-11-09,39.8,40.17,40.85,39.79,13.00K,-0.65%
2023-11-10,40.24,39.81,40.48,39.81,5.89K,1.12%
2023-11-13,40.29,40.11,40.45,39.99,5.39K,0.11%
2023-11-14,41.4,41.18,41.4,40.94,11.03K,2.76%
2023-11-15,41.23,41.48,41.73,41.15,15.06K,-0.40%
2023-11-16,41.53,41.18,41.62,41.18,7.20K,0.72%
2023-11-17,42.11,41.75,42.33,41.7,16.86K,1.39%
2023-11-20,46.98,47.58,47.65,46.04,562.69K,11.56%
2023-11-21,46.79,47.54,47.54,46.11,140.49K,-0.40%
2023-11-22,46.49,47.17,47.18,46.0,82.03K,-0.64%
2023-11-24,48.96,47.66,49.37,46.6,149.86K,5.31%
2023-11-27,50.51,51.0,51.57,49.8,320.49K,3.17%
2023-11-28,49.65,50.92,50.94,49.42,150.70K,-1.70%
2023-11-29,50.61,49.79,51.0,49.27,111.72K,1.93%
2023-11-30,50.5,50.87,50.88,49.76,94.34K,-0.22%
2023-12-01,50.59,50.25,51.07,50.04,127.75K,0.18%
2023-12-04,49.75,50.24,50.32,49.42,119.62K,-1.66%
2023-12-05,50.4,49.57,50.58,49.57,78.10K,1.31%
2023-12-06,50.16,50.69,50.74,49.61,114.75K,-0.48%
2023-12-07,50.53,50.54,50.86,50.18,58.14K,0.74%
2023-12-08,50.79,50.21,50.83,50.11,112.41K,0.51%
2023-12-11,50.85,50.69,50.97,49.93,88.71K,0.12%
2023-12-12,51.31,50.77,51.47,50.31,130.49K,0.90%
2023-12-13,52.39,51.55,52.6,50.41,149.63K,2.10%
2023-12-14,52.02,52.94,53.22,51.71,81.99K,-0.71%
2023-12-15,51.74,52.01,52.2,51.58,40.21K,-0.54%
2023-12-18,52.31,51.82,52.67,51.68,178.58K,1.10%
2023-12-19,52.47,52.65,53.02,52.25,29.67K,0.31%
2023-12-20,52.25,52.29,53.27,52.17,105.81K,-0.42%
2023-12-21,52.75,53.48,54.1,51.69,63.63K,0.96%
2023-12-22,52.67,52.46,53.14,52.1,139.52K,-0.15%
2023-12-26,52.72,53.03,53.32,52.53,61.58K,0.09%
2023-12-27,52.78,52.92,53.21,52.36,92.55K,0.11%
2023-12-28,51.45,52.65,52.65,51.1,83.29K,-2.52%
2023-12-29,51.34,51.67,51.81,51.22,86.14K,-0.21%
2024-01-02,50.21,51.05,51.05,50.18,87.72K,-2.20%
2024-01-03,49.88,49.81,50.49,49.8,87.16K,-0.66%
2024-01-04,49.17,49.5,50.07,49.17,39.36K,-1.42%
2024-01-05,49.53,49.2,49.84,49.15,114.47K,0.73%
2024-01-08,50.19,49.43,50.2,49.16,128.76K,1.33%
2024-01-09,48.84,49.7,49.92,48.71,51.51K,-2.68%
2024-01-10,49.38,48.83,49.53,48.7,39.24K,1.10%
2024-01-11,49.58,49.69,49.7,49.08,31.85K,0.41%
2024-01-12,50.16,49.88,50.6,49.76,23.25K,1.17%
2024-01-16,49.36,50.11,50.11,49.14,89.14K,-1.59%
2024-01-17,49.31,48.89,49.56,48.47,39.79K,-0.11%
2024-01-18,49.72,49.7,49.73,48.87,59.20K,0.84%
2024-01-19,50.56,49.81,50.67,49.73,66.54K,1.69%
2024-01-22,51.4,50.86,51.85,50.86,315.96K,1.66%
2024-01-23,51.4,51.69,51.86,51.1,66.46K,0.00%
2024-01-24,51.94,52.18,52.53,51.59,48.95K,1.05%
2024-01-25,52.94,52.31,53.17,52.31,152.16K,1.93%
2024-01-26,53.66,53.18,53.86,52.91,127.42K,1.36%
2024-01-29,53.08,53.99,54.0,52.34,146.94K,-1.08%
2024-01-30,52.74,52.71,53.29,52.71,49.03K,-0.64%
2024-01-31,52.39,52.61,53.74,52.37,85.29K,-0.67%
2024-02-01,53.29,52.95,53.48,52.74,72.32K,1.72%
2024-02-02,53.21,53.39,53.57,53.01,104.89K,-0.15%
2024-02-05,51.88,53.24,53.29,51.5,114.70K,-2.50%
2024-02-06,51.64,52.35,52.35,51.37,189.90K,-0.46%
2024-02-07,50.23,51.02,51.02,49.8,89.85K,-2.73%
2024-02-08,49.34,50.06,50.47,49.24,44.23K,-1.77%
2024-02-09,50.36,49.42,50.59,49.42,18.35K,2.07%
2024-02-12,50.46,50.38,50.77,50.25,78.62K,0.20%
2024-02-13,48.89,49.58,49.61,48.55,61.96K,-3.11%
2024-02-14,49.66,49.49,49.78,49.01,65.62K,1.57%
2024-02-15,50.22,49.9,50.3,49.79,96.20K,1.13%
2024-02-16,50.33,50.33,50.73,50.26,17.22K,0.21%
2024-02-20,50.15,50.28,50.94,49.67,29.14K,-0.35%
2024-02-21,50.11,50.21,50.4,49.64,35.92K,-0.08%
2024-02-22,51.7,50.7,52.21,50.44,47.75K,3.17%
2024-02-23,50.57,50.41,50.9,49.44,45.22K,-2.19%
2024-02-26,50.24,50.37,51.08,50.05,47.02K,-0.65%
2024-02-27,49.55,50.48,50.72,49.55,25.78K,-1.37%
2024-02-28,49.17,49.56,49.61,49.17,23.29K,-0.77%
2024-02-29,49.86,49.73,51.01,49.62,34.58K,1.40%
2024-03-01,50.53,50.0,50.58,49.56,83.74K,1.34%
2024-03-04,49.95,51.07,51.5,49.95,55.24K,-1.15%
2024-03-05,48.92,49.87,50.25,48.8,138.93K,-2.06%
2024-03-06,50.34,49.74,50.58,49.41,45.31K,2.90%
2024-03-07,49.83,50.4,50.43,49.81,125.84K,-1.01%
2024-03-08,49.57,50.18,50.51,49.4,28.86K,-0.52%
2024-03-11,49.53,49.62,50.01,49.0,56.95K,-0.08%
2024-03-12,49.96,49.81,50.18,49.27,43.86K,0.87%
2024-03-13,51.07,50.0,51.48,50.0,82.45K,2.22%
2024-03-14,50.76,51.3,51.5,50.65,52.16K,-0.61%
2024-03-15,50.82,50.59,51.34,50.55,24.59K,0.12%
2024-03-18,52.31,51.47,52.41,50.73,64.24K,2.93%
2024-03-19,51.98,52.1,52.92,51.28,46.53K,-0.63%
2024-03-20,53.32,52.0,53.59,51.53,62.47K,2.58%
2024-03-21,54.21,53.85,54.32,53.13,46.44K,1.67%
2024-03-22,54.4,54.16,54.71,53.92,45.90K,0.35%
2024-03-25,54.26,55.0,55.16,53.85,103.57K,-0.26%
2024-03-26,53.44,54.26,54.31,53.23,54.06K,-1.51%
2024-03-27,53.98,53.58,54.03,53.08,70.75K,1.01%
2024-03-28,53.79,54.23,54.48,53.61,38.73K,-0.35%
2024-04-01,54.16,54.0,54.29,53.95,18.39K,0.69%
2024-04-02,53.59,54.07,54.07,53.33,29.80K,-1.05%
2024-04-03,55.24,53.46,55.42,53.46,78.77K,3.08%
2024-04-04,54.62,55.83,56.02,54.35,52.54K,-1.12%
2024-04-05,56.12,54.61,56.42,54.61,54.17K,2.75%
2024-04-08,56.82,56.66,57.22,56.0,62.02K,1.25%
2024-04-09,57.06,57.11,58.41,56.61,107.98K,0.42%
2024-04-10,56.54,56.42,57.03,56.07,64.62K,-0.91%
2024-04-11,57.28,57.1,57.46,56.23,43.73K,1.31%
2024-04-12,55.63,57.0,57.56,55.61,58.47K,-2.88%
2024-04-15,53.55,56.18,56.48,53.5,86.20K,-3.74%
2024-04-16,53.1,52.9,53.49,52.19,110.89K,-0.84%
2024-04-17,53.03,53.52,53.75,52.51,67.18K,-0.13%
2024-04-18,52.9,53.21,53.64,52.75,143.72K,-0.25%
2024-04-19,53.47,52.7,54.18,52.7,31.29K,1.08%
2024-04-22,55.79,53.7,56.09,53.29,86.91K,4.34%
2024-04-23,55.84,56.02,56.84,55.84,93.75K,0.09%
2024-04-24,54.53,56.33,56.33,54.39,57.23K,-2.35%
2024-04-25,54.62,54.13,54.97,53.66,48.15K,0.17%
2024-04-26,56.33,55.35,56.34,55.03,66.98K,3.13%
2024-04-29,57.26,56.6,57.67,56.21,297.73K,1.65%
2024-04-30,57.42,57.14,58.43,56.89,236.64K,0.28%
2024-05-01,57.41,57.35,58.3,56.52,72.19K,-0.02%
2024-05-02,58.56,58.2,58.75,57.0,102.51K,2.00%
2024-05-03,61.33,59.41,61.49,59.41,177.20K,4.73%
2024-05-06,63.33,62.48,63.72,61.66,231.60K,3.26%
2024-05-07,63.36,65.82,65.82,63.0,442.59K,0.05%
2024-05-08,63.76,63.55,64.7,63.0,567.26K,0.63%
2024-05-09,63.28,64.53,64.53,62.6,303.74K,-0.75%
2024-05-10,62.29,64.0,64.05,62.0,272.52K,-1.56%
2024-05-13,61.47,62.76,62.8,61.01,260.05K,-1.32%
2024-05-14,62.42,61.7,62.72,61.01,326.16K,1.55%
2024-05-15,64.0,62.64,64.3,62.52,271.66K,2.53%
2024-05-16,63.67,64.16,64.23,63.16,112.87K,-0.52%
2024-05-17,64.0,63.8,64.59,63.7,160.04K,0.52%
2024-05-20,64.77,64.5,64.94,63.52,302.19K,1.20%
2024-05-21,63.84,64.71,64.93,63.3,306.74K,-1.44%
2024-05-22,60.94,63.87,63.87,60.67,509.42K,-4.54%
2024-05-23,58.92,61.5,61.5,58.78,319.04K,-3.31%
2024-05-24,59.48,58.92,60.56,58.51,290.63K,0.95%
2024-05-28,60.82,60.34,61.32,59.84,192.74K,2.25%
2024-05-29,61.23,60.38,61.29,59.93,298.31K,0.67%
2024-05-30,63.38,61.31,63.55,61.21,468.24K,3.51%
2024-05-31,62.76,63.78,63.78,61.72,190.56K,-0.98%
2024-06-03,61.21,63.31,63.45,60.93,292.31K,-2.47%
2024-06-04,58.5,60.45,60.72,58.11,379.19K,-4.43%
2024-06-05,58.45,59.11,59.11,57.22,489.62K,-0.09%
2024-06-06,57.75,58.88,58.88,57.58,202.57K,-1.20%
2024-06-07,57.12,57.49,57.85,56.76,158.57K,-1.09%
2024-06-10,58.18,57.19,58.39,56.35,390.96K,1.86%
2024-06-11,57.12,57.87,57.87,56.95,172.01K,-1.82%
2024-06-12,57.74,57.19,58.51,57.19,251.16K,1.09%
2024-06-13,58.89,60.44,60.44,58.0,464.51K,1.99%
2024-06-14,58.46,58.79,58.84,58.04,162.71K,-0.73%
2024-06-17,57.43,58.49,58.57,57.17,189.71K,-1.76%
2024-06-18,58.14,57.74,58.5,57.59,82.38K,1.24%
2024-06-20,57.06,58.14,58.63,56.36,306.12K,-1.86%
2024-06-21,56.71,56.86,57.04,56.0,116.84K,-0.61%
2024-06-24,56.74,56.86,57.2,56.12,51.63K,0.05%
2024-06-25,57.4,56.68,57.6,56.6,110.19K,1.16%
2024-06-26,57.13,57.67,57.67,56.84,56.44K,-0.47%
2024-06-27,57.52,57.01,57.58,56.5,60.92K,0.68%
2024-06-28,56.81,57.93,58.08,56.65,46.21K,-1.23%
2024-07-01,54.8,57.35,57.35,54.66,295.27K,-3.54%
2024-07-02,55.16,54.52,55.35,54.47,283.20K,0.66%
2024-07-03,55.84,55.55,56.09,55.26,63.52K,1.23%
2024-07-05,56.39,56.3,56.83,55.64,53.77K,0.98%
2024-07-08,56.84,56.43,57.07,56.08,73.65K,0.80%
2024-07-09,57.58,56.8,57.89,56.8,93.72K,1.30%
2024-07-10,58.08,57.75,58.3,57.7,86.96K,0.87%
2024-07-11,58.62,58.82,59.0,58.17,52.99K,0.93%
2024-07-12,58.9,58.66,59.13,58.28,135.07K,0.48%
2024-07-15,58.16,58.75,59.75,58.03,159.48K,-1.26%
2024-07-16,58.49,58.16,58.68,57.5,109.12K,0.57%
2024-07-17,57.08,58.06,58.17,56.8,225.13K,-2.41%
2024-07-18,55.94,56.94,57.45,55.68,187.09K,-2.00%
2024-07-19,56.73,55.73,57.22,55.73,42.84K,1.41%
2024-07-22,57.54,57.0,57.54,56.73,67.01K,1.43%
2024-07-23,58.09,57.15,58.29,57.15,62.19K,0.96%
2024-07-24,56.75,57.84,58.06,56.44,67.60K,-2.31%
2024-07-25,56.0,56.38,57.1,55.28,65.46K,-1.32%
2024-07-26,56.47,56.32,56.81,56.01,49.87K,0.84%
2024-07-29,55.81,56.34,56.72,55.48,35.87K,-1.17%
2024-07-30,55.63,56.0,56.44,55.36,38.25K,-0.32%
2024-07-31,57.24,56.65,57.91,56.22,78.57K,2.89%
2024-08-01,55.44,57.17,57.41,55.05,69.69K,-3.14%
2024-08-02,55.09,55.55,56.06,54.82,135.68K,-0.63%
2024-08-05,54.45,51.45,55.13,51.09,284.09K,-1.16%
2024-08-06,55.47,54.34,56.2,54.34,42.63K,1.87%
2024-08-07,55.96,56.73,56.73,55.68,55.30K,0.88%
2024-08-08,58.45,56.78,58.6,56.78,171.03K,4.45%
2024-08-09,60.11,58.81,60.24,58.63,96.07K,2.84%
2024-08-12,60.82,60.25,60.96,60.02,52.27K,1.18%
2024-08-13,61.76,61.1,61.92,61.04,97.90K,1.55%
2024-08-14,61.9,61.75,62.42,61.43,88.86K,0.23%
2024-08-15,63.43,62.28,63.56,62.19,54.60K,2.47%
2024-08-16,62.72,63.52,63.56,62.52,76.30K,-1.12%
2024-08-19,63.78,62.8,63.82,62.75,67.71K,1.69%
2024-08-20,63.39,63.72,64.16,62.95,43.15K,-0.61%
2024-08-21,62.83,63.46,63.46,62.77,41.38K,-0.88%
2024-08-22,61.31,62.77,62.77,61.31,101.06K,-2.42%
2024-08-23,62.54,61.85,62.61,61.68,38.40K,2.01%
2024-08-26,62.28,63.19,63.19,62.03,44.17K,-0.42%
2024-08-27,62.79,62.07,63.02,62.03,62.87K,0.82%
2024-08-28,62.26,62.59,62.59,61.68,37.40K,-0.84%
2024-08-29,63.47,62.39,63.77,62.39,68.36K,1.94%
2024-08-30,65.19,63.73,66.19,63.73,269.70K,2.71%
2024-09-03,63.8,64.52,64.56,63.34,139.98K,-2.13%
2024-09-04,65.61,63.56,65.88,63.53,246.69K,2.84%
2024-09-05,65.93,65.77,66.62,65.5,560.62K,0.49%
2024-09-06,64.72,66.06,66.15,64.29,144.66K,-1.84%
2024-09-09,65.69,65.22,66.09,64.98,119.60K,1.50%
2024-09-10,64.74,65.62,65.74,63.64,119.76K,-1.45%
2024-09-11,66.2,64.59,66.8,64.4,208.71K,2.26%
2024-09-12,67.93,66.54,67.93,66.42,259.80K,2.61%
2024-09-13,68.53,68.14,68.6,67.64,88.67K,0.88%
2024-09-16,68.5,68.91,69.71,68.49,191.09K,-0.04%
2024-09-17,68.26,68.68,68.82,67.57,119.92K,-0.35%
2024-09-18,68.77,68.3,69.57,67.6,224.80K,0.75%
2024-09-19,70.15,69.66,70.58,69.47,387.28K,2.01%
2024-09-20,69.39,70.1,70.16,68.94,193.07K,-1.08%
2024-09-23,68.63,69.82,69.82,68.22,133.14K,-1.10%
2024-09-24,68.78,69.58,69.58,68.48,75.12K,0.22%
2024-09-25,68.01,68.53,69.58,67.9,159.05K,-1.12%
2024-09-26,67.92,69.15,69.15,67.76,139.76K,-0.13%
2024-09-27,67.62,68.19,68.46,67.27,147.69K,-0.44%
2024-09-30,66.3,67.32,67.49,65.81,141.74K,-1.95%
2024-10-01,67.13,66.5,67.48,65.73,87.79K,1.25%
2024-10-02,66.29,67.43,67.43,66.05,70.86K,-1.25%
2024-10-03,67.07,65.5,67.07,65.45,92.82K,1.18%
2024-10-04,67.17,67.48,67.48,66.86,103.29K,0.15%
2024-10-07,66.16,67.48,67.48,65.79,203.53K,-1.50%
2024-10-08,67.12,66.29,67.12,65.9,89.89K,1.45%
2024-10-09,69.17,66.87,69.2,66.85,192.09K,3.05%
2024-10-10,70.25,69.27,70.42,68.56,94.93K,1.56%
2024-10-11,71.44,70.12,71.57,69.89,143.07K,1.69%
2024-10-14,71.11,71.29,72.17,70.58,183.80K,-0.46%
2024-10-15,71.01,70.69,71.15,70.0,128.32K,-0.14%
2024-10-16,70.2,71.35,71.64,69.95,59.42K,-1.14%
2024-10-17,70.8,70.22,71.2,70.0,69.76K,0.85%
2024-10-18,71.71,71.37,71.71,70.5,111.61K,1.29%
2024-10-21,71.85,71.31,71.98,71.0,87.11K,0.20%
2024-10-22,71.67,71.8,72.25,71.38,90.66K,-0.25%
2024-10-23,70.78,71.35,71.5,70.06,112.95K,-1.24%
2024-10-24,73.11,70.9,73.2,70.9,247.25K,3.29%
2024-10-25,73.92,73.53,74.22,72.76,174.59K,1.11%
2024-10-28,74.17,74.14,75.0,73.84,150.41K,0.34%
2024-10-29,73.34,74.17,74.77,73.11,109.52K,-1.12%
2024-10-30,72.63,72.83,73.64,72.01,140.76K,-0.97%
2024-10-31,72.91,72.48,73.21,71.76,168.71K,0.39%
2024-11-01,72.9,73.53,74.59,72.73,398.64K,-0.01%
2024-11-04,73.59,73.32,74.59,72.9,91.14K,0.95%
2024-11-05,74.35,74.16,74.54,73.22,92.79K,1.03%
2024-11-06,76.55,74.85,77.21,73.81,539.49K,2.96%
2024-11-07,74.54,76.03,76.03,73.51,664.21K,-2.63%
2024-11-08,74.3,74.75,75.5,73.2,209.40K,-0.32%
2024-11-11,74.8,74.31,75.21,73.0,275.11K,0.67%
2024-11-12,75.48,75.19,75.84,74.05,244.31K,0.91%
2024-11-13,76.38,76.0,76.67,75.43,222.74K,1.19%
2024-11-14,77.28,76.9,77.65,75.92,163.58K,1.18%
2024-11-15,78.03,77.89,79.32,77.21,412.01K,0.97%
2024-11-18,81.03,78.57,81.81,78.04,597.51K,3.84%
2024-11-19,80.54,80.91,80.99,79.38,327.89K,-0.60%
2024-11-20,81.5,81.04,81.5,79.93,326.50K,1.19%
2024-11-21,81.47,82.16,82.16,80.5,393.82K,-0.04%
2024-11-22,82.68,81.58,83.44,80.68,416.07K,1.49%
2024-11-25,83.17,83.73,84.43,82.26,674.45K,0.59%
2024-11-26,83.87,83.25,84.86,82.64,459.79K,0.84%
2024-11-27,82.83,84.47,84.63,82.5,333.52K,-1.24%
2024-11-29,83.52,82.63,83.59,81.82,172.31K,0.83%
2024-12-02,83.98,83.9,84.39,83.33,423.59K,0.55%
2024-12-03,83.92,84.58,85.05,83.52,399.63K,-0.07%
2024-12-04,82.67,84.33,84.33,82.02,442.16K,-1.49%
2024-12-05,83.92,82.86,84.39,82.4,289.49K,1.51%
2024-12-06,84.07,84.25,84.25,83.04,200.12K,0.18%
2024-12-09,84.13,84.79,86.75,83.93,877.78K,0.07%
2024-12-10,83.75,84.62,85.34,83.03,272.37K,-0.45%
2024-12-11,87.19,84.56,87.35,83.51,440.75K,4.11%
2024-12-12,86.57,87.3,87.9,86.38,458.29K,-0.71%
2024-12-13,86.43,87.18,87.23,85.51,435.02K,-0.16%
2024-12-16,88.28,87.12,89.82,86.8,695.55K,2.14%
2024-12-17,87.77,88.48,88.48,86.86,437.81K,-0.58%
2024-12-18,82.38,88.21,88.35,81.91,727.24K,-6.14%
2024-12-19,80.96,83.96,84.26,80.87,452.19K,-1.72%
2024-12-20,82.23,80.76,83.01,79.68,538.45K,1.57%
2024-12-23,83.86,84.12,84.12,82.31,421.27K,1.98%
2024-12-24,84.96,84.29,84.97,83.89,223.21K,1.31%
2024-12-26,85.08,84.97,85.78,84.27,238.63K,0.14%
2024-12-27,85.01,85.27,85.27,83.94,377.46K,-0.08%
2024-12-30,83.02,83.94,83.94,82.4,406.88K,-2.34%
2024-12-31,82.67,83.28,83.64,82.49,201.26K,-0.42%
2025-01-02,87.47,83.29,87.58,83.11,996.19K,5.81%
2025-01-03,88.21,88.74,88.81,86.3,546.81K,0.85%
2025-01-06,88.58,89.75,90.66,88.43,1.20M,0.42%
2025-01-07,89.29,89.6,91.25,88.37,514.02K,0.80%
2025-01-08,87.88,89.19,89.26,86.82,638.67K,-1.58%
2025-01-10,88.52,89.1,89.46,87.02,482.38K,0.73%
2025-01-13,85.33,87.89,87.9,84.93,722.54K,-3.60%
2025-01-14,87.56,86.29,88.37,86.0,475.45K,2.61%
2025-01-15,88.42,89.15,89.3,87.33,487.89K,0.98%
2025-01-16,86.76,88.52,88.6,86.5,491.82K,-1.88%
2025-01-17,84.83,87.0,87.0,84.14,466.29K,-2.22%
2025-01-21,87.26,85.0,87.38,84.41,648.32K,2.86%
2025-01-22,87.48,87.62,88.25,86.68,385.41K,0.25%
2025-01-23,86.48,87.52,87.52,86.21,284.45K,-1.14%
2025-01-24,86.08,87.12,88.0,85.41,314.03K,-0.46%
2025-01-27,83.83,84.83,84.83,82.83,473.87K,-2.61%
2025-01-28,83.87,84.06,84.24,81.93,323.00K,0.05%
2025-01-29,86.47,84.16,86.48,83.5,332.70K,3.10%
2025-01-30,88.09,87.54,89.2,87.27,713.65K,1.87%
2025-01-31,86.48,88.36,88.36,86.31,384.24K,-1.83%
2025-02-03,84.98,84.5,85.31,83.1,535.08K,-1.73%
2025-02-04,86.3,85.38,86.92,85.28,204.20K,1.55%
2025-02-05,85.59,86.27,86.73,85.31,142.75K,-0.82%
2025-02-06,87.98,86.0,88.0,85.87,674.15K,2.79%
2025-02-07,85.25,88.09,88.1,84.64,471.03K,-3.10%
2025-02-10,85.98,85.55,87.07,85.53,214.17K,0.86%
2025-02-11,83.18,85.34,85.39,82.8,540.81K,-3.26%
2025-02-12,83.72,82.25,84.77,81.83,565.92K,0.65%
2025-02-13,85.47,83.81,85.64,83.5,245.36K,2.09%
2025-02-14,85.51,85.58,85.91,84.74,247.21K,0.05%
2025-02-18,85.29,83.56,85.7,83.03,710.43K,-0.26%
2025-02-19,85.58,84.91,86.8,84.91,307.83K,0.34%
2025-02-20,87.12,86.09,87.48,84.79,295.45K,1.80%
2025-02-21,86.82,89.67,90.45,86.6,892.51K,-0.34%
2025-02-24,85.72,86.95,88.2,84.95,459.62K,-1.27%
2025-02-25,84.19,86.04,86.22,82.8,624.50K,-1.78%
2025-02-26,84.93,84.5,85.69,84.3,210.03K,0.88%
2025-02-27,81.89,84.76,85.07,81.66,358.80K,-3.58%
2025-02-28,82.78,80.88,82.99,80.33,246.63K,1.09%
2025-03-03,81.7,84.09,85.1,81.22,323.57K,-1.30%
2025-03-04,80.86,81.0,82.2,78.97,398.50K,-1.03%
2025-03-05,83.28,81.31,83.4,81.03,299.96K,2.99%
2025-03-06,81.75,82.81,83.76,81.31,294.74K,-1.84%
2025-03-07,82.16,82.24,82.61,79.19,637.61K,0.50%
2025-03-10,78.45,80.95,80.95,77.45,930.69K,-4.52%
2025-03-11,79.58,78.55,80.34,78.16,586.12K,1.44%
2025-03-12,82.49,80.55,82.71,80.32,242.72K,3.66%
2025-03-13,81.5,82.19,82.66,81.21,202.94K,-1.20%
2025-03-14,84.01,82.53,84.08,82.25,323.87K,3.08%
2025-03-17,84.65,84.0,85.08,83.92,205.72K,0.76%
2025-03-18,81.12,84.37,84.47,80.78,496.34K,-4.17%
2025-03-19,83.98,81.58,84.14,81.34,322.48K,3.53%
2025-03-20,83.24,83.2,84.15,82.99,193.97K,-0.88%
2025-03-21,84.6,82.59,84.92,82.26,245.24K,1.63%
2025-03-24,84.57,85.59,86.08,84.57,193.42K,-0.04%
2025-03-25,87.16,85.09,87.52,85.09,502.86K,3.06%
2025-03-26,85.03,87.38,87.38,84.72,283.83K,-2.44%
2025-03-27,85.14,85.5,86.88,84.69,204.47K,0.13%
2025-03-28,83.21,85.04,85.04,82.66,220.41K,-2.27%
2025-03-31,80.77,81.91,81.92,79.41,456.65K,-2.93%
2025-04-01,81.37,80.77,82.01,80.21,233.04K,0.74%
2025-04-02,81.33,80.97,81.72,80.65,113.01K,-0.05%
2025-04-03,79.68,79.05,80.5,78.5,257.54K,-2.03%
2025-04-04,73.67,76.93,77.39,71.87,563.87K,-7.54%
2025-04-07,70.92,70.0,75.1,68.94,517.20K,-3.73%
2025-04-08,70.3,73.59,74.89,69.76,308.08K,-0.87%
2025-04-09,76.64,69.43,77.34,68.28,400.83K,9.02%
2025-04-10,74.5,75.53,75.82,71.93,261.78K,-2.79%
2025-04-11,79.31,74.77,79.62,74.77,500.08K,6.46%
2025-04-14,84.16,84.67,86.47,82.89,536.43K,6.12%
2025-04-15,83.9,84.74,85.07,83.14,363.48K,-0.31%
2025-04-16,84.02,83.03,85.2,83.03,180.10K,0.14%
2025-04-17,85.74,84.61,86.69,84.61,182.74K,2.05%
2025-04-21,83.5,85.73,85.74,82.4,200.92K,-2.61%
2025-04-22,86.19,84.33,86.98,84.33,263.89K,3.22%
2025-04-23,86.64,87.99,88.43,86.07,244.32K,0.52%
2025-04-24,87.14,87.21,88.5,86.68,145.38K,0.58%
2025-04-25,86.62,86.94,87.52,86.11,151.39K,-0.60%
2025-04-28,85.93,86.72,87.25,84.95,193.79K,-0.80%
2025-04-29,86.14,86.05,86.47,85.36,301.48K,0.24%
2025-04-30,85.7,85.5,85.99,83.9,161.37K,-0.51%
2025-05-01,84.0,85.73,86.37,83.57,570.48K,-1.98%
2025-05-02,84.06,85.01,85.62,83.46,401.99K,0.07%
2025-05-05,82.98,83.9,84.65,82.94,220.13K,-1.28%
2025-05-06,84.67,82.68,84.82,82.35,297.75K,2.04%
2025-05-07,85.44,84.66,85.93,84.32,171.22K,0.91%
2025-05-08,87.1,87.6,87.97,85.7,774.10K,1.94%
2025-05-09,89.5,87.88,89.7,87.69,1.05M,2.76%
2025-05-12,91.44,91.26,91.58,89.74,521.22K,2.17%
2025-05-13,93.02,92.04,93.91,91.47,338.57K,1.73%
2025-05-14,93.34,93.22,93.38,91.76,192.33K,0.34%
2025-05-15,93.14,93.0,93.56,91.63,120.23K,-0.21%
2025-05-16,92.82,92.94,92.95,91.76,207.52K,-0.34%
2025-05-19,94.5,92.81,95.87,92.63,987.90K,1.81%
2025-05-20,94.48,94.95,95.2,93.69,212.84K,-0.02%
2025-05-21,93.29,94.56,95.2,93.2,275.96K,-1.26%
2025-05-22,93.37,92.85,94.15,92.13,146.81K,0.09%
2025-05-23,92.98,92.27,93.43,91.31,163.10K,-0.42%
2025-05-27,93.12,94.1,94.1,92.72,185.07K,0.15%
2025-05-28,92.78,92.86,93.3,90.46,444.83K,-0.37%
2025-05-29,90.94,93.36,93.56,90.72,283.63K,-1.98%
2025-05-30,90.23,90.88,90.88,89.07,426.73K,-0.78%
2025-06-02,89.64,90.25,90.98,89.4,293.18K,-0.65%
2025-06-03,90.26,89.33,90.94,88.69,205.61K,0.69%
2025-06-04,87.24,90.76,90.76,87.15,481.65K,-3.35%
2025-06-05,87.51,87.58,88.21,87.16,306.16K,0.31%
2025-06-06,87.44,88.02,88.19,85.69,483.04K,-0.08%
2025-06-09,85.96,87.59,87.99,85.89,1.41M,-1.69%
2025-06-10,87.76,86.38,88.32,86.23,844.15K,2.09%
2025-06-11,87.26,88.14,88.14,86.46,642.58K,-0.57%
2025-06-12,87.73,87.44,88.3,86.73,256.20K,0.54%
2025-06-13,86.39,87.3,87.94,85.75,384.17K,-1.53%
2025-06-16,86.95,87.0,87.64,86.67,136.22K,0.65%
2025-06-17,85.9,86.56,86.96,85.35,259.45K,-1.21%
2025-06-18,86.17,85.94,87.2,85.86,261.53K,0.31%
2025-06-20,84.73,86.79,86.79,84.5,441.43K,-1.67%
2025-06-23,84.13,84.41,85.45,83.45,385.16K,-0.71%
2025-06-24,86.19,84.6,86.67,84.39,319.74K,2.45%
2025-06-25,84.81,86.37,86.7,84.58,165.36K,-1.60%
2025-06-26,85.56,84.93,86.36,84.93,162.88K,0.88%
2025-06-27,85.35,85.49,85.79,84.7,154.27K,-0.25%
2025-06-30,84.73,85.46,86.17,83.5,239.92K,-0.73%
2025-07-01,83.71,84.75,85.21,83.38,246.75K,-1.20%
2025-07-02,84.16,83.65,85.0,83.65,299.87K,0.54%
2025-07-03,84.98,84.71,85.39,84.59,127.00K,0.97%
2025-07-07,83.01,84.73,84.87,82.35,396.60K,-2.32%
2025-07-08,84.79,82.8,84.81,82.02,310.03K,2.14%
2025-07-09,83.46,85.21,85.33,83.35,379.76K,-1.57%
2025-07-10,82.38,83.31,83.31,81.44,746.74K,-1.29%
2025-07-11,80.45,82.22,82.22,80.23,453.81K,-2.34%
2025-07-14,80.18,80.38,80.54,79.51,402.06K,-0.34%
2025-07-15,81.0,80.46,81.23,79.47,288.82K,1.02%
2025-07-16,79.92,81.6,81.6,79.51,268.55K,-1.33%
2025-07-17,80.23,79.85,81.23,79.8,209.24K,0.39%
2025-07-18,80.56,80.64,81.69,80.43,194.61K,0.41%
2025-07-21,79.91,80.65,81.18,79.83,158.08K,-0.81%
2025-07-22,80.12,79.97,81.32,79.8,169.87K,0.26%
2025-07-23,82.03,80.46,82.32,80.39,289.14K,2.38%
2025-07-24,82.53,82.02,82.7,81.24,139.40K,0.61%
2025-07-25,82.85,82.9,83.7,82.47,270.30K,0.39%
2025-07-28,82.59,83.02,83.38,82.3,234.73K,-0.31%
2025-07-29,85.16,82.53,85.34,82.53,401.94K,3.11%
2025-07-30,83.76,85.39,85.39,83.34,379.17K,-1.64%
2025-07-31,82.71,84.19,84.19,81.95,427.52K,-1.25%
2025-08-01,81.74,82.32,82.61,80.96,548.98K,-1.17%
2025-08-04,82.83,82.19,83.11,82.19,202.84K,1.33%
2025-08-05,85.0,82.11,85.5,82.11,436.92K,2.62%
2025-08-06,86.63,85.06,86.95,85.06,339.27K,1.92%
2025-08-07,85.74,87.0,87.25,85.39,295.92K,-1.03%
2025-08-08,84.56,85.57,85.57,83.45,271.60K,-1.38%
2025-08-11,84.8,84.53,85.14,83.8,131.75K,0.28%
2025-08-12,86.16,85.03,87.25,84.85,225.48K,1.60%
2025-08-13,85.86,86.83,87.25,85.55,106.26K,-0.35%
2025-08-14,83.91,85.21,85.27,83.18,162.37K,-2.27%
2025-08-15,84.17,84.05,84.7,83.84,88.41K,0.31%
2025-08-18,84.98,84.71,85.7,83.92,96.95K,0.96%
2025-08-19,81.6,84.77,85.03,81.54,242.52K,-3.98%
2025-08-20,81.15,81.69,82.8,81.15,202.50K,-0.55%
2025-08-21,81.54,81.14,82.72,80.97,95.57K,0.48%
2025-08-22,82.35,81.95,83.3,81.5,150.97K,0.99%
2025-08-25,79.51,82.29,82.29,79.31,333.21K,-3.45%
2025-08-26,79.95,79.44,80.27,79.2,88.42K,0.55%
2025-08-27,79.04,79.99,79.99,78.53,145.13K,-1.14%
2025-08-28,80.55,79.03,81.66,79.03,135.36K,1.91%
2025-08-29,80.15,80.5,80.58,79.75,153.25K,-0.50%
2025-09-02,78.92,78.64,79.0,77.08,284.26K,-1.53%
2025-09-03,77.8,78.86,79.31,77.59,303.43K,-1.42%
2025-09-04,79.78,77.8,80.25,77.8,273.25K,2.54%
2025-09-05,79.81,80.14,80.7,77.83,176.99K,0.04%
2025-09-08,71.38,72.85,73.25,71.0,1.67M,-10.56%
2025-09-09,71.65,71.99,73.25,71.5,452.78K,0.38%
2025-09-10,74.06,71.95,74.32,71.95,698.30K,3.36%
2025-09-11,73.34,74.09,74.62,73.16,266.93K,-0.97%
2025-09-12,71.37,73.43,73.5,71.04,323.73K,-2.69%
2025-09-15,71.02,71.68,72.15,70.94,498.27K,-0.49%
2025-09-16,72.47,71.5,73.0,71.5,471.30K,2.04%
2025-09-17,72.44,72.48,73.45,71.9,259.53K,-0.04%
2025-09-18,69.96,72.27,72.27,69.53,593.96K,-3.42%
2025-09-19,69.62,69.84,70.59,68.77,614.36K,-0.49%
2025-09-22,74.39,73.35,74.83,72.41,1.24M,6.85%
2025-09-23,74.96,75.75,76.44,74.7,1.04M,0.77%
2025-09-24,75.84,77.7,78.74,75.58,831.41K,1.17%
2025-09-25,74.12,75.66,75.66,73.76,423.72K,-2.27%
2025-09-26,72.92,74.28,75.63,72.7,392.99K,-1.62%
2025-09-29,72.49,73.21,73.79,72.46,423.80K,-0.59%
2025-09-30,69.76,72.45,72.45,69.46,1.06M,-3.77%
2025-10-01,67.55,69.87,70.42,67.37,908.72K,-3.17%
2025-10-02,68.8,68.03,68.95,66.49,1.35M,1.85%
2025-10-03,68.51,68.87,69.1,67.74,463.37K,-0.42%
2025-10-06,68.72,68.98,69.0,67.83,329.97K,0.31%
2025-10-07,68.39,68.74,68.87,67.88,397.30K,-0.48%
2025-10-08,69.24,68.54,69.28,67.59,812.91K,1.24%
2025-10-09,73.72,69.35,73.83,69.11,1.32M,6.47%
2025-10-10,71.42,74.29,74.56,70.5,894.87K,-3.12%
2025-10-13,74.1,72.53,74.47,72.25,450.01K,3.75%
2025-10-14,71.87,73.11,75.16,71.42,798.25K,-3.01%
2025-10-15,72.6,73.21,75.1,72.26,1.09M,1.02%
2025-10-16,72.0,72.74,73.09,71.35,775.78K,-0.83%
2025-10-17,71.38,71.88,72.36,70.91,263.23K,-0.86%
2025-10-20,71.12,71.88,73.01,70.72,223.79K,-0.36%
2025-10-21,70.49,70.87,72.51,70.41,178.56K,-0.89%
2025-10-22,70.58,70.48,71.17,69.6,318.09K,0.13%
2025-10-23,73.88,71.32,74.6,71.01,1.02M,4.68%
2025-10-24,74.25,74.49,75.5,73.91,490.96K,0.50%
2025-10-27,88.24,88.2,91.15,86.55,2.94M,18.84%
2025-10-28,89.87,88.52,91.0,86.89,918.32K,1.85%
2025-10-29,91.81,90.75,92.93,89.35,782.88K,2.16%
2025-10-30,91.31,90.86,92.25,90.12,445.97K,-0.54%
2025-10-31,94.39,91.6,95.12,91.4,604.32K,3.37%
2025-11-03,95.43,96.32,96.58,94.21,580.32K,1.10%
2025-11-04,93.46,93.0,95.3,92.29,302.26K,-2.06%
2025-11-05,93.28,94.38,94.5,92.54,166.58K,-0.19%
2025-11-06,90.41,93.1,93.1,90.22,259.56K,-3.08%
2025-11-07,89.67,89.67,90.59,88.23,177.25K,-0.82%
2025-11-10,90.89,91.63,92.13,89.6,168.45K,1.36%
2025-11-11,91.3,90.78,92.27,90.2,168.82K,0.45%
2025-11-12,92.47,92.23,93.5,92.04,407.20K,1.28%
2025-11-13,90.13,92.78,92.78,88.8,207.31K,-2.53%
2025-11-14,91.01,88.67,92.3,87.95,349.43K,0.98%
2025-11-17,90.19,91.82,92.02,89.73,121.91K,-0.90%
2025-11-18,90.25,89.39,91.47,88.12,211.81K,0.07%
2025-11-19,90.48,90.78,92.3,89.81,118.76K,0.25%
2025-11-20,86.91,92.07,92.07,86.78,404.71K,-3.95%
2025-11-21,85.58,86.19,86.85,84.04,373.06K,-1.53%
2025-11-24,86.25,85.95,86.26,84.39,392.10K,0.78%
2025-11-25,88.14,86.4,88.29,85.32,475.34K,2.19%
2025-11-26,90.49,88.92,90.99,88.57,201.48K,2.67%
2025-11-28,93.18,92.12,93.37,91.4,211.16K,2.97%
2025-12-01,92.42,92.08,93.29,91.82,127.62K,-0.82%
2025-12-02,92.26,92.8,93.68,92.15,144.23K,-0.17%
2025-12-03,94.71,92.39,94.9,92.2,161.83K,2.66%
2025-12-04,93.13,94.87,95.0,93.09,291.45K,-1.67%
2025-12-05,91.25,94.94,95.67,91.09,164.87K,-2.02%
2025-12-08,91.55,91.96,92.06,90.93,67.09K,0.33%
2025-12-09,91.0,91.52,91.9,90.68,69.15K,-0.60%
2025-12-10,90.38,91.26,91.47,90.04,150.88K,-0.68%
2025-12-11,91.11,90.38,92.14,90.31,128.18K,0.81%
2025-12-12,90.44,91.27,92.22,89.79,219.70K,-0.74%
2025-12-15,89.96,91.39,91.39,88.97,326.69K,-0.53%
2025-12-16,88.72,89.6,89.94,87.49,437.75K,-1.38%
2025-12-17,87.92,89.09,89.82,87.66,97.12K,-0.90%
2025-12-18,91.11,88.84,91.68,88.51,197.54K,3.63%
2025-12-19,91.31,91.31,92.46,91.0,138.04K,0.22%
2025-12-22,91.66,91.61,92.68,91.38,161.95K,0.38%
2025-12-23,92.03,91.57,92.69,91.57,184.88K,0.40%
2025-12-24,92.18,91.94,92.64,91.59,131.38K,0.16%
2025-12-26,92.87,92.5,93.0,92.07,44.69K,0.75%
2025-12-29,92.38,92.62,93.62,91.98,118.29K,-0.53%
2025-12-30,91.46,91.9,92.26,91.2,52.72K,-1.00%
2025-12-31,91.41,91.23,92.11,91.05,37.06K,-0.05%
2026-01-02,91.13,92.36,92.36,89.84,86.64K,-0.31%
2026-01-05,94.3,91.82,94.49,91.74,317.32K,3.48%
2026-01-06,93.23,94.4,96.11,92.93,198.23K,-1.13%
2026-01-07,91.75,93.37,93.37,90.77,130.76K,-1.59%
2026-01-08,94.02,91.5,94.2,91.22,183.60K,2.47%
2026-01-09,94.47,94.02,94.49,93.37,190.53K,0.48%
2026-01-12,94.44,94.5,95.29,93.81,183.01K,-0.03%
2026-01-13,93.16,94.73,94.73,92.59,206.51K,-1.36%
2026-01-14,92.32,93.25,94.0,92.05,222.97K,-0.90%
2026-01-15,91.45,92.71,92.71,91.27,108.15K,-0.94%
2026-01-16,91.58,91.79,92.51,91.23,150.88K,0.14%
2026-01-20,91.32,90.6,92.93,90.2,182.47K,-0.28%
2026-01-21,94.65,91.87,94.96,91.87,200.85K,3.65%
2026-01-22,97.17,95.18,97.24,95.0,441.59K,2.66%
2026-01-23,97.6,97.34,98.27,96.75,290.48K,0.44%
2026-01-26,99.31,98.2,101.47,97.42,786.31K,1.75%
2026-01-27,102.94,100.04,102.98,99.53,472.58K,3.66%
2026-01-28,102.07,103.62,103.97,101.05,292.09K,-0.85%
2026-01-29,101.47,102.99,103.21,98.72,265.80K,-0.59%
2026-01-30,98.2,99.7,100.97,97.34,372.62K,-3.22%
2026-02-02,97.33,97.36,99.09,96.58,145.61K,-0.89%
2026-02-03,96.86,98.18,98.55,94.41,415.97K,-0.48%
2026-02-04,95.35,97.42,97.42,93.19,310.58K,-1.56%
2026-02-05,91.5,94.3,95.09,91.38,404.38K,-4.04%
2026-02-06,93.16,92.81,93.79,91.9,207.20K,1.81%
2026-02-09,95.3,93.76,95.32,92.84,133.56K,2.30%
2026-02-10,95.77,95.37,97.0,94.35,137.20K,0.49%
2026-02-11,95.61,97.0,97.0,94.35,140.99K,-0.17%
2026-02-12,91.29,96.87,97.48,90.91,208.63K,-4.52%
2026-02-13,92.39,92.0,93.16,91.09,160.61K,1.20%
2026-02-17,90.7,91.57,92.18,88.67,219.95K,-1.83%
2026-02-18,91.3,91.18,92.41,90.74,79.36K,0.66%
2026-02-19,94.21,91.13,94.61,91.06,236.20K,3.19%
2026-02-20,95.5,94.24,95.5,93.44,159.70K,1.37%
2026-02-23,92.64,95.36,95.81,92.46,76.10K,-2.99%
2026-02-24,94.41,92.88,94.93,92.84,120.99K,1.91%
2026-02-25,92.56,93.77,93.77,91.51,110.31K,-1.96%
2026-02-26,91.1,92.59,92.59,89.81,135.85K,-1.58%
2026-02-27,89.76,90.78,90.84,88.5,199.44K,-1.47%
2026-03-02,89.75,88.59,90.93,88.5,155.09K,-0.01%
2026-03-03,86.28,86.54,87.08,83.46,322.78K,-3.87%
2026-03-04,87.83,87.33,88.26,86.54,254.67K,1.80%
2026-03-05,86.86,87.65,88.25,85.32,162.04K,-1.10%
2026-03-06,86.54,85.66,88.07,84.82,125.37K,-0.37%
2026-03-09,86.82,85.69,87.13,85.45,156.51K,0.32%
2026-03-10,87.9,87.19,89.77,86.65,279.97K,1.24%
2026-03-11,89.77,87.54,89.77,87.37,159.39K,2.13%
2026-03-12,86.67,88.67,88.75,86.24,175.10K,-3.45%
2026-03-13,85.51,86.7,87.71,85.13,235.37K,-1.34%
2026-03-16,85.65,86.04,86.74,85.38,129.94K,0.16%
2026-03-17,87.51,86.4,88.0,86.33,57.26K,2.17%
2026-03-18,86.67,86.91,87.65,86.45,134.46K,-0.96%
2026-03-19,87.98,85.24,88.09,85.12,231.48K,1.51%
2026-03-20,85.55,87.7,87.7,84.93,280.48K,-2.76%
2026-03-23,87.26,86.05,88.26,85.67,346.81K,2.00%
2026-03-24,87.67,86.84,88.0,86.24,176.83K,0.47%
2026-03-25,89.14,88.4,90.0,88.4,586.30K,1.68%
2026-03-26,87.86,88.07,90.45,87.58,96.95K,-1.44%
2026-03-27,87.42,87.57,89.59,87.15,87.19K,-0.50%
2026-03-30,89.09,88.61,90.26,88.33,504.66K,1.91%
2026-03-31,93.32,89.53,93.62,89.24,606.86K,4.75%
2026-04-01,93.21,93.29,93.84,91.9,596.93K,-0.12%
2026-04-02,93.89,91.85,94.08,91.58,370.71K,0.73%
2026-04-06,92.97,94.07,94.07,92.28,162.36K,-0.98%
2026-04-07,92.7,93.45,93.58,91.34,129.36K,-0.29%
2026-04-08,94.66,95.0,97.26,93.4,588.01K,2.11%
2026-04-09,93.93,94.25,95.12,93.07,675.10K,-0.77%
2026-04-10,94.23,94.24,95.0,93.66,280.25K,0.32%
2026-04-13,94.68,94.11,95.5,93.86,211.84K,0.48%
2026-04-14,94.12,95.07,95.8,93.88,228.19K,-0.59%
2026-04-15,93.89,94.22,94.37,93.5,299.80K,-0.24%
2026-04-16,94.17,94.0,94.99,93.36,210.54K,0.30%
2026-04-17,93.76,94.66,94.66,93.54,232.95K,-0.44%
2026-04-20,94.83,93.55,94.98,93.23,427.91K,1.14%
2026-04-21,93.81,94.83,95.2,93.65,263.78K,-1.08%
2026-04-22,93.37,95.02,95.26,93.32,307.81K,-0.47%
2026-04-23,91.49,92.94,93.44,91.14,367.31K,-2.01%
2026-04-24,91.68,91.6,91.93,90.47,147.92K,0.21%
2026-04-27,91.97,92.13,92.9,91.7,443.29K,0.32%
2026-04-28,91.22,91.7,91.99,90.5,191.83K,-0.82%
2026-04-29,90.47,91.3,91.65,90.06,106.14K,-0.82%
2026-04-30,91.11,90.9,91.83,90.19,658.14K,0.71%
2026-05-01,89.66,91.23,91.95,89.21,474.10K,-1.59%
2026-05-04,89.88,89.99,91.55,89.74,457.65K,0.25%
2026-05-05,90.34,90.66,90.87,89.85,167.71K,0.51%
2026-05-06,93.97,91.36,94.34,91.36,343.93K,4.02%
2026-05-07,92.52,93.72,94.17,92.28,101.55K,-1.54%
2026-05-08,89.49,91.74,91.76,89.11,276.13K,-3.27%
2026-05-11,90.17,89.92,90.5,88.99,179.70K,0.76%
2026-05-12,89.79,89.71,90.47,88.48,97.55K,-0.42%
2026-05-13,88.27,89.71,89.71,87.5,408.47K,-1.69%
2026-05-14,89.48,88.37,89.82,87.75,233.91K,1.37%
2026-05-15,86.87,87.85,88.34,86.2,251.04K,-2.92%
2026-05-18,89.95,87.5,89.98,87.05,139.88K,3.55%
2026-05-19,88.16,89.78,89.84,88.08,333.85K,-1.99%
2026-05-20,90.07,88.47,90.29,88.47,124.42K,2.17%
2026-05-21,92.06,89.78,92.07,89.29,87.04K,2.21%
2026-05-22,90.4,92.37,92.45,90.22,69.36K,-1.80%
2026-05-26,92.48,91.48,92.48,90.42,95.85K,2.30%
2026-05-27,95.58,92.25,96.0,91.68,277.56K,3.35%
2026-05-28,96.05,95.11,97.06,95.0,333.77K,0.49%
2026-05-29,97.7,96.26,97.77,95.42,170.66K,1.72%
2026-06-01,98.99,97.62,99.35,97.2,379.13K,1.32%
2026-06-02,97.8,98.84,98.84,96.77,505.51K,-1.20%
